,country,resort,hotel,price,distance_from_lift_(m),altitude (m),totalPiste (km),totalLifts,gondolas,chairlifts,draglifts,blues,reds,blacks,totalRuns,link,sleeps,decSnowLow2020(cm),decSnowHigh2020(cm),janSnowLow2020(cm),janSnowHigh2020(cm),febSnowLow2020(cm),febSnowHigh2020(cm)
0,italy,bardonecchia,residence-tabor,550,unknown,1312,140,23,0,9,14,17.0,24.0,1.0,42.0,https://www.igluski.com/ski-resorts/italy/bardonecchia/residence-tabor_38648?holidayId=58413613,unknown,70,170,60,200,47,177
1,italy,bardonecchia,residence-villa-frejus,561,unknown,1312,140,23,0,9,14,17.0,24.0,1.0,42.0,https://www.igluski.com/ski-resorts/italy/bardonecchia/residence-villa-frejus_38647?holidayId=58464837,unknown,70,170,60,200,47,177
2,bulgaria,bansko,hotel-mura,566,1100,935,70,24,1,7,16,5.0,8.0,1.0,14.0,https://www.igluski.com/ski-resorts/bulgaria/bansko/hotel-mura_20914?holidayId=58542822,140,0,70,5,75,5,77
3,bulgaria,borovets,hotel-samokov,574,75,1390,58,18,1,4,13,1.0,13.0,1.0,15.0,https://www.igluski.com/ski-resorts/bulgaria/borovets/hotel-samokov_1092?holidayId=58456610,590,0,0,160,200,194,246
4,bulgaria,bansko,hotel-lion---bansko,596,800,935,70,24,1,7,16,5.0,8.0,1.0,14.0,https://www.igluski.com/ski-resorts/bulgaria/bansko/hotel-lion---bansko_20625?holidayId=58322886,386,0,70,5,75,5,77
5,andorra,arinsal,hotel-xalet-besoli,597,500,1550,63,30,2,11,13,22.0,16.0,4.0,42.0,https://www.igluski.com/ski-resorts/andorra/arinsal/hotel-xalet-besoli_2446?holidayId=58503135,66,30,60,130,180,120,170
6,austria,mayrhofen,hotel-obermair,601,600,630,600,52,8,27,17,43.0,75.0,15.0,133.0,https://www.igluski.com/ski-resorts/austria/mayrhofen/hotel-obermair_1829?holidayId=58408829,60,0,60,5,80,2,99
7,bulgaria,borovets,hotel-lion-borovets,603,1200,1390,58,18,1,4,13,1.0,13.0,1.0,15.0,https://www.igluski.com/ski-resorts/bulgaria/borovets/hotel-lion-borovets_20502?holidayId=58429096,314,0,0,160,200,194,246
8,andorra,arinsal,hotel-xalet-verdu,606,300,1550,63,30,2,11,13,22.0,16.0,4.0,42.0,https://www.igluski.com/ski-resorts/andorra/arinsal/hotel-xalet-verdu_1602?holidayId=58515499,104,30,60,130,180,120,170
9,andorra,arinsal,hotel-patagonia,632,100,1550,63,30,2,11,13,22.0,16.0,4.0,42.0,https://www.igluski.com/ski-resorts/andorra/arinsal/hotel-patagonia_7184?holidayId=58452151,160,30,60,130,180,120,170
10,andorra,arinsal,hotel-palarine,635,1000,1550,63,30,2,11,13,22.0,16.0,4.0,42.0,https://www.igluski.com/ski-resorts/andorra/arinsal/hotel-palarine_4470?holidayId=58524575,72,30,60,130,180,120,170
11,italy,canazei,hotel-cesa-rotic,642,500,1460,120,58,9,28,21,30.0,41.0,3.0,74.0,https://www.igluski.com/ski-resorts/italy/canazei/hotel-cesa-rotic_32288?holidayId=58453515,24,50,160,50,120,50,120
12,andorra,arinsal,hotel-montane,658,40,1550,63,30,2,11,13,22.0,16.0,4.0,42.0,https://www.igluski.com/ski-resorts/andorra/arinsal/hotel-montane_6327?holidayId=58468586,54,30,60,130,180,120,170
13,italy,courmayeur,hotel-dei-camosci,662,unknown,1224,100,16,5,8,3,6.0,12.0,4.0,22.0,https://www.igluski.com/ski-resorts/italy/courmayeur/hotel-dei-camosci_3592?holidayId=58507295,50,40,100,40,100,41,117
14,austria,alpbach,pension-furstenhof,662,unknown,1000,145,47,7,8,31,24.0,34.0,11.0,69.0,https://www.igluski.com/ski-resorts/austria/alpbach/pension-furstenhof_1267?holidayId=58495260,24,0,0,50,106,48,114
15,bulgaria,bansko,hotel-tanne,677,600,935,70,24,1,7,16,5.0,8.0,1.0,14.0,https://www.igluski.com/ski-resorts/bulgaria/bansko/hotel-tanne_22712?holidayId=58470269,70,0,70,5,75,5,77
16,bulgaria,bansko,hotel-strazhite,677,300,935,70,24,1,7,16,5.0,8.0,1.0,14.0,https://www.igluski.com/ski-resorts/bulgaria/bansko/hotel-strazhite_18508?holidayId=58467406,304,0,70,5,75,5,77
17,italy,selva-val-gardena,garni-romantica,681,720,1563,175,81,9,41,31,32.0,23.0,4.0,59.0,https://www.igluski.com/ski-resorts/italy/selva-val-gardena/garni-romantica_40758?holidayId=58515303,100,72,165,50,150,49,149
18,andorra,pas-de-la-casa,hotel-de-les-pistes,689,unknown,2050,193,63,4,28,26,40.0,37.0,23.0,100.0,https://www.igluski.com/ski-resorts/andorra/pas-de-la-casa/hotel-de-les-pistes_30905?holidayId=58467988,48,15,40,80,165,52,140
19,italy,sauze-d-oulx,hotel-clotes,692,100,1503,400,89,0,35,54,31.0,97.0,32.0,160.0,https://www.igluski.com/ski-resorts/italy/sauze-d-oulx/hotel-clotes_36709?holidayId=58504633,unknown,150,220,35,300,96,280
20,italy,passo-tonale,hotel-cielo-blu,694,unknown,1883,100,30,3,19,8,11.0,15.0,4.0,30.0,https://www.igluski.com/ski-resorts/italy/passo-tonale/hotel-cielo-blu_4187?holidayId=58546106,58,30,400,30,400,30,400
21,italy,courmayeur,hotel-del-viale,695,unknown,1224,100,16,5,8,3,6.0,12.0,4.0,22.0,https://www.igluski.com/ski-resorts/italy/courmayeur/hotel-del-viale_1079?holidayId=58493357,46,40,100,40,100,41,117
22,italy,sauze-d-oulx,hotel-martin,695,unknown,1503,400,89,0,35,54,31.0,97.0,32.0,160.0,https://www.igluski.com/ski-resorts/italy/sauze-d-oulx/hotel-martin_4856?holidayId=58509432,35,150,220,35,300,96,280
23,bulgaria,bansko,st-ivan-rilski-hotel-spa--apartments,698,1200,935,70,24,1,7,16,5.0,8.0,1.0,14.0,https://www.igluski.com/ski-resorts/bulgaria/bansko/st-ivan-rilski-hotel-spa--apartments_27205?holidayId=58470151,unknown,0,70,5,75,5,77
24,italy,la-thuile,hotel-du-glacier,700,750,1441,150,36,1,16,19,13.0,14.0,6.0,33.0,https://www.igluski.com/ski-resorts/italy/la-thuile/hotel-du-glacier_3779?holidayId=58400411,38,15,90,190,225,174,263
25,andorra,pas-de-la-casa,hotel-grand-pas,701,unknown,2050,193,63,4,28,26,40.0,37.0,23.0,100.0,https://www.igluski.com/ski-resorts/andorra/pas-de-la-casa/hotel-grand-pas_39187?holidayId=58449666,unknown,15,40,80,165,52,140
26,austria,rauris,hotel-wieshof,701,150,950,25,10,2,1,5,7.0,3.0,1.0,11.0,https://www.igluski.com/ski-resorts/austria/rauris/hotel-wieshof_39268?holidayId=58376742,42,0,0,61,151,58,163
27,andorra,pas-de-la-casa,hotel-meta,702,500,2050,193,63,4,28,26,40.0,37.0,23.0,100.0,https://www.igluski.com/ski-resorts/andorra/pas-de-la-casa/hotel-meta_39572?holidayId=58386839,unknown,15,40,80,165,52,140
28,austria,bad-hofgastein,apartments-aurora,704,unknown,870,208,49,11,19,18,16.0,38.0,6.0,60.0,https://www.igluski.com/ski-resorts/austria/bad-hofgastein/apartments-aurora_38020?holidayId=58540374,unknown,0,100,48,155,45,176
29,italy,bardonecchia,hotel-ca-fiore,712,unknown,1312,140,23,0,9,14,17.0,24.0,1.0,42.0,https://www.igluski.com/ski-resorts/italy/bardonecchia/hotel-ca-fiore_22811?holidayId=58518566,74,70,170,60,200,47,177
30,austria,niederau-oberau,enzian-guesthouse,718,unknown,826,48,47,7,8,31,24.0,34.0,11.0,69.0,https://www.igluski.com/ski-resorts/austria/niederau-oberau/enzian-guesthouse_30864?holidayId=58315218,32,0,0,50,106,48,114
31,france,chamonix,hotel-richemond,721,400,1035,762,64,13,18,32,51.0,190.0,21.0,262.0,https://www.igluski.com/ski-resorts/france/chamonix/hotel-richemond_31178?holidayId=58540958,3,0,0,0,130,0,130
32,andorra,pas-de-la-casa,hotel-cubil,724,150,2050,193,63,4,28,26,40.0,37.0,23.0,100.0,https://www.igluski.com/ski-resorts/andorra/pas-de-la-casa/hotel-cubil_34906?holidayId=58479549,unknown,15,40,80,165,52,140
33,italy,val-di-fassa,hotel-regina-e-fassa-mazzin,729,600,1460,120,58,9,28,21,30.0,41.0,3.0,74.0,https://www.igluski.com/ski-resorts/italy/val-di-fassa/hotel-regina-e-fassa-mazzin_40698?holidayId=58464997,100,50,160,50,120,50,120
34,finland,yllas,hotel-akashotelli,731,unknown,719,0,29,1,1,0,33.0,24.0,6.0,63.0,https://www.igluski.com/ski-resorts/finland/yllas/hotel-akashotelli_27545?holidayId=58346772,55,40,65,85,85,85,85
35,italy,passo-tonale,hotel-locanda-locatori,731,700,1883,100,30,3,19,8,11.0,15.0,4.0,30.0,https://www.igluski.com/ski-resorts/italy/passo-tonale/hotel-locanda-locatori_32292?holidayId=58447281,72,30,400,30,400,30,400
36,italy,passo-tonale,hotel-orchidea,734,unknown,1883,100,30,3,19,8,11.0,15.0,4.0,30.0,https://www.igluski.com/ski-resorts/italy/passo-tonale/hotel-orchidea_3604?holidayId=58479330,54,30,400,30,400,30,400
37,austria,soll,guesthouse-erhart,734,unknown,703,250,94,11,38,44,63.0,57.0,8.0,128.0,https://www.igluski.com/ski-resorts/austria/soll/guesthouse-erhart_18917?holidayId=58354436,12,0,25,33,76,48,85
38,austria,kaprun,pension-elisabeth,735,unknown,775,132,56,12,17,27,31.0,19.0,9.0,59.0,https://www.igluski.com/ski-resorts/austria/kaprun/pension-elisabeth_38119?holidayId=58419520,unknown,0,130,33,188,39,235
39,finland,pyha,pyha-suites,737,unknown,280,80,9,0,0,0,8.0,4.0,2.0,14.0,https://www.igluski.com/ski-resorts/finland/pyha/pyha-suites_26103?holidayId=58529063,4,40,50,60,70,64,74
40,austria,mayrhofen,pension-valentina,740,100,630,600,52,8,27,17,43.0,75.0,15.0,133.0,https://www.igluski.com/ski-resorts/austria/mayrhofen/pension-valentina_36850?holidayId=58420555,unknown,0,60,5,80,2,99
41,austria,soll,hotel-garni-sonnenhof,744,unknown,703,250,94,11,38,44,63.0,57.0,8.0,128.0,https://www.igluski.com/ski-resorts/austria/soll/hotel-garni-sonnenhof_1346?holidayId=58340113,24,0,25,33,76,48,85
42,italy,pila,hotel-plan-bois,746,100,1800,70,12,2,9,1,5.0,22.0,3.0,30.0,https://www.igluski.com/ski-resorts/italy/pila/hotel-plan-bois_32327?holidayId=58530208,62,65,150,65,150,65,150
43,italy,passo-tonale,hotel-savoia,748,unknown,1883,100,30,3,19,8,11.0,15.0,4.0,30.0,https://www.igluski.com/ski-resorts/italy/passo-tonale/hotel-savoia_3436?holidayId=58448193,unknown,30,400,30,400,30,400
44,italy,madonna-di-campiglio,italo-hotel,748,unknown,1550,150,47,9,29,9,21.0,13.0,4.0,38.0,https://www.igluski.com/ski-resorts/italy/madonna-di-campiglio/italo-hotel_27661?holidayId=58459422,56,79,187,60,160,60,149
45,italy,sauze-d-oulx,hotel-la-torre,751,300,1503,400,89,0,35,54,31.0,97.0,32.0,160.0,https://www.igluski.com/ski-resorts/italy/sauze-d-oulx/hotel-la-torre_3585?holidayId=58531117,228,150,220,35,300,96,280
46,andorra,soldeu,hotel-euroski,752,500,1800,210,67,4,32,26,63.0,38.0,22.0,123.0,https://www.igluski.com/ski-resorts/andorra/soldeu/hotel-euroski_32498?holidayId=58468256,298,unknown,unknown,unknown,unknown,unknown,unknown
47,andorra,soldeu,soldeu-maistre,754,150,1800,210,67,4,32,26,63.0,38.0,22.0,123.0,https://www.igluski.com/ski-resorts/andorra/soldeu/soldeu-maistre_18981?holidayId=58306591,94,unknown,unknown,unknown,unknown,unknown,unknown
48,austria,kaprun,pension-austria,754,unknown,775,132,56,12,17,27,31.0,19.0,9.0,59.0,https://www.igluski.com/ski-resorts/austria/kaprun/pension-austria_38103?holidayId=58476229,50,0,130,33,188,39,235
49,bulgaria,bansko,boutique-hotel-amira,755,300,935,70,24,1,7,16,5.0,8.0,1.0,14.0,https://www.igluski.com/ski-resorts/bulgaria/bansko/boutique-hotel-amira_39168?holidayId=58544648,unknown,0,70,5,75,5,77
50,france,serre-chevalier,hotel-vauban,757,200,1350,250,74,9,19,46,53.0,43.0,15.0,111.0,https://www.igluski.com/ski-resorts/france/serre-chevalier/hotel-vauban_36911?holidayId=58481580,unknown,0,200,75,250,43,231
51,bulgaria,pamporovo,hotel-perelik,758,unknown,1650,18,19,0,6,13,5.0,5.0,4.0,14.0,https://www.igluski.com/ski-resorts/bulgaria/pamporovo/hotel-perelik_2703?holidayId=58417429,424,0,0,60,85,166,170
52,austria,kaprun,pension-bergheil,758,unknown,775,132,56,12,17,27,31.0,19.0,9.0,59.0,https://www.igluski.com/ski-resorts/austria/kaprun/pension-bergheil_38098?holidayId=58505745,unknown,0,130,33,188,39,235
53,finland,levi,hotel-sirkantahti,758,unknown,200,44,27,2,2,14,19.0,22.0,2.0,43.0,https://www.igluski.com/ski-resorts/finland/levi/hotel-sirkantahti_39150?holidayId=58303783,unknown,35,45,65,75,90,115
54,italy,canazei,hotel-villa-emma,758,900,1460,120,58,9,28,21,30.0,41.0,3.0,74.0,https://www.igluski.com/ski-resorts/italy/canazei/hotel-villa-emma_36728?holidayId=58545422,unknown,50,160,50,120,50,120
55,austria,niederau-oberau,hotel-austria,761,unknown,826,48,47,7,8,31,24.0,34.0,11.0,69.0,https://www.igluski.com/ski-resorts/austria/niederau-oberau/hotel-austria_2108?holidayId=58466656,94,0,0,50,106,48,114
56,italy,passo-tonale,hotel-piandineve,761,unknown,1883,100,30,3,19,8,11.0,15.0,4.0,30.0,https://www.igluski.com/ski-resorts/italy/passo-tonale/hotel-piandineve_5313?holidayId=58521441,282,30,400,30,400,30,400
57,italy,pila,hotel-chacaril,765,unknown,1800,70,12,2,9,1,5.0,22.0,3.0,30.0,https://www.igluski.com/ski-resorts/italy/pila/hotel-chacaril_313?holidayId=58512710,50,65,150,65,150,65,150
58,italy,madonna-di-campiglio,hotel-cristiania,768,unknown,1550,150,47,9,29,9,21.0,13.0,4.0,38.0,https://www.igluski.com/ski-resorts/italy/madonna-di-campiglio/hotel-cristiania_27662?holidayId=58543318,76,79,187,60,160,60,149
59,andorra,pas-de-la-casa,hotel-catalunya,768,unknown,2050,193,63,4,28,26,40.0,37.0,23.0,100.0,https://www.igluski.com/ski-resorts/andorra/pas-de-la-casa/hotel-catalunya_36701?holidayId=58538398,unknown,15,40,80,165,52,140
60,austria,zell-am-see,hotel-seehof,771,unknown,758,136,55,13,18,24,31.0,19.0,9.0,59.0,https://www.igluski.com/ski-resorts/austria/zell-am-see/hotel-seehof_38141?holidayId=58429927,unknown,0,58,43,147,46,150
61,finland,ruka,hotel-rukahovi,771,unknown,291,24,26,0,5,0,16.0,14.0,4.0,34.0,https://www.igluski.com/ski-resorts/finland/ruka/hotel-rukahovi_19936?holidayId=58444184,326,24,40,80,80,86,86
62,andorra,soldeu,hotel-galanthus,772,unknown,1800,210,67,4,32,26,63.0,38.0,22.0,123.0,https://www.igluski.com/ski-resorts/andorra/soldeu/hotel-galanthus_27271?holidayId=58834847,unknown,unknown,unknown,unknown,unknown,unknown,unknown
63,bulgaria,pamporovo,hotel-orlovetz,772,3000,1650,18,19,0,6,13,5.0,5.0,4.0,14.0,https://www.igluski.com/ski-resorts/bulgaria/pamporovo/hotel-orlovetz_20365?holidayId=58274109,210,0,0,60,85,166,170
64,france,chamonix,la-folie-douce-hotel,773,200,1035,762,64,13,18,32,51.0,190.0,21.0,262.0,https://www.igluski.com/ski-resorts/france/chamonix/la-folie-douce-hotel_36783?holidayId=58886508,unknown,0,0,0,130,0,130
65,italy,sauze-d-oulx,hotel-gran-baita,774,unknown,1503,400,89,0,35,54,31.0,97.0,32.0,160.0,https://www.igluski.com/ski-resorts/italy/sauze-d-oulx/hotel-gran-baita_2538?holidayId=58517038,72,150,220,35,300,96,280
66,italy,sauze-d-oulx,hotel-sauze,774,unknown,1503,400,89,0,35,54,31.0,97.0,32.0,160.0,https://www.igluski.com/ski-resorts/italy/sauze-d-oulx/hotel-sauze_3413?holidayId=58486592,62,150,220,35,300,96,280
67,italy,pila,hotel-etoile-de-neige,776,unknown,1800,70,12,2,9,1,5.0,22.0,3.0,30.0,https://www.igluski.com/ski-resorts/italy/pila/hotel-etoile-de-neige_427?holidayId=58321260,100,65,150,65,150,65,150
68,austria,rauris,hotel-kristall,778,unknown,950,25,10,2,1,5,7.0,3.0,1.0,11.0,https://www.igluski.com/ski-resorts/austria/rauris/hotel-kristall_6417?holidayId=58414090,130,0,0,61,151,58,163
69,italy,sestriere,hotel-savoy-edelweiss,778,unknown,2035,400,94,5,35,54,43.0,73.0,30.0,146.0,https://www.igluski.com/ski-resorts/italy/sestriere/hotel-savoy-edelweiss_3844?holidayId=58542754,60,150,220,35,300,96,280
70,austria,kitzbuhel,hotel-bruggerhof,783,2000,760,185,61,11,27,15,29.0,27.0,11.0,67.0,https://www.igluski.com/ski-resorts/austria/kitzbuhel/hotel-bruggerhof_1265?holidayId=58492698,56,unknown,unknown,unknown,unknown,unknown,unknown
71,italy,folgarida,park-hotel,783,unknown,1300,50,25,5,15,5,18.0,8.0,4.0,30.0,https://www.igluski.com/ski-resorts/italy/folgarida/park-hotel_30823?holidayId=58492837,240,unknown,unknown,unknown,unknown,unknown,unknown
72,france,serre-chevalier,residence-aquisana,785,500,1350,250,74,9,19,46,53.0,43.0,15.0,111.0,https://www.igluski.com/ski-resorts/france/serre-chevalier/residence-aquisana_36473?holidayId=58318763,100,0,200,75,250,43,231
73,finland,yllas,yllas-saaga-spa-hotel,785,unknown,719,0,29,1,1,0,33.0,24.0,6.0,63.0,https://www.igluski.com/ski-resorts/finland/yllas/yllas-saaga-spa-hotel_26009?holidayId=58283788,168,40,65,85,85,85,85
74,italy,campitello,hotel-grohmann,789,300,1448,17,9,2,5,2,3.0,4.0,1.0,8.0,https://www.igluski.com/ski-resorts/italy/campitello/hotel-grohmann_6951?holidayId=58509880,120,unknown,unknown,unknown,unknown,unknown,unknown
75,italy,sauze-d-oulx,hotel-splendid,791,500,1503,400,89,0,35,54,31.0,97.0,32.0,160.0,https://www.igluski.com/ski-resorts/italy/sauze-d-oulx/hotel-splendid_3412?holidayId=58519128,72,150,220,35,300,96,280
76,italy,sauze-d-oulx,hotel-k2,791,200,1503,400,89,0,35,54,31.0,97.0,32.0,160.0,https://www.igluski.com/ski-resorts/italy/sauze-d-oulx/hotel-k2_36708?holidayId=58541614,unknown,150,220,35,300,96,280
77,austria,niederau-oberau,hotel-simmerlwirt,795,unknown,826,48,47,7,8,31,24.0,34.0,11.0,69.0,https://www.igluski.com/ski-resorts/austria/niederau-oberau/hotel-simmerlwirt_37903?holidayId=58521822,unknown,0,0,50,106,48,114
78,italy,courmayeur,hotel-courmayeur,795,unknown,1224,100,16,5,8,3,6.0,12.0,4.0,22.0,https://www.igluski.com/ski-resorts/italy/courmayeur/hotel-courmayeur_3415?holidayId=58503824,70,40,100,40,100,41,117
79,italy,val-di-fassa,hotel-arnika,801,480,1460,120,58,9,28,21,30.0,41.0,3.0,74.0,https://www.igluski.com/ski-resorts/italy/val-di-fassa/hotel-arnika_40759?holidayId=58503222,150,50,160,50,120,50,120
80,italy,val-di-fassa,hotel-sas-morin,801,unknown,1460,120,58,9,28,21,30.0,41.0,3.0,74.0,https://www.igluski.com/ski-resorts/italy/val-di-fassa/hotel-sas-morin_20887?holidayId=58521459,50,50,160,50,120,50,120
81,france,brides-les-bains,hotel-vanoise,804,unknown,600,600,198,43,68,87,46.0,209.0,35.0,290.0,https://www.igluski.com/ski-resorts/france/brides-les-bains/hotel-vanoise_7419?holidayId=58487140,unknown,98,121,215,267,207,269
82,andorra,pas-de-la-casa,hotel-camellot,804,200,2050,193,63,4,28,26,40.0,37.0,23.0,100.0,https://www.igluski.com/ski-resorts/andorra/pas-de-la-casa/hotel-camellot_36843?holidayId=58394657,unknown,15,40,80,165,52,140
83,austria,niederau-oberau,hotel-harfenwirt,806,150,826,48,47,7,8,31,24.0,34.0,11.0,69.0,https://www.igluski.com/ski-resorts/austria/niederau-oberau/hotel-harfenwirt_2112?holidayId=58463596,176,0,0,50,106,48,114
84,italy,cervinia,hotel-furggen,812,unknown,2050,350,56,21,21,12,30.0,75.0,26.0,131.0,https://www.igluski.com/ski-resorts/italy/cervinia/hotel-furggen_1748?holidayId=58520223,70,27,106,64,147,55,208
85,andorra,pas-de-la-casa,hotel-guineu,814,unknown,2050,193,63,4,28,26,40.0,37.0,23.0,100.0,https://www.igluski.com/ski-resorts/andorra/pas-de-la-casa/hotel-guineu_38972?holidayId=58518094,unknown,15,40,80,165,52,140
86,austria,mayrhofen,hotel-strolz,815,800,630,600,52,8,27,17,43.0,75.0,15.0,133.0,https://www.igluski.com/ski-resorts/austria/mayrhofen/hotel-strolz_1392?holidayId=58541910,90,0,60,5,80,2,99
87,italy,pila,hotel-lion-noir,818,unknown,1800,70,12,2,9,1,5.0,22.0,3.0,30.0,https://www.igluski.com/ski-resorts/italy/pila/hotel-lion-noir_6346?holidayId=58440648,unknown,65,150,65,150,65,150
88,austria,st-johann-in-tirol,hotel-fischer,819,unknown,700,60,17,3,4,10,4.0,23.0,2.0,29.0,https://www.igluski.com/ski-resorts/austria/st-johann-in-tirol/hotel-fischer_1100?holidayId=59106929,70,0,0,40,96,44,97
89,france,brides-les-bains,hotel-amelie,819,unknown,600,600,198,43,68,87,46.0,209.0,35.0,290.0,https://www.igluski.com/ski-resorts/france/brides-les-bains/hotel-amelie_2115?holidayId=58513914,58,98,121,215,267,207,269
90,italy,sauze-d-oulx,hotel-relais-des-alpes,819,300,1503,400,89,0,35,54,31.0,97.0,32.0,160.0,https://www.igluski.com/ski-resorts/italy/sauze-d-oulx/hotel-relais-des-alpes_41547?holidayId=58486557,180,150,220,35,300,96,280
91,italy,courmayeur,hotel-centrale,820,unknown,1224,100,16,5,8,3,6.0,12.0,4.0,22.0,https://www.igluski.com/ski-resorts/italy/courmayeur/hotel-centrale_32211?holidayId=58451718,unknown,40,100,40,100,41,117
92,italy,canazei,al-sole-hotel--residence,821,360,1460,120,58,9,28,21,30.0,41.0,3.0,74.0,https://www.igluski.com/ski-resorts/italy/canazei/al-sole-hotel--residence_42108?holidayId=58540635,100,50,160,50,120,50,120
93,italy,passo-tonale,hotel-adamello,826,unknown,1883,100,30,3,19,8,11.0,15.0,4.0,30.0,https://www.igluski.com/ski-resorts/italy/passo-tonale/hotel-adamello_15406?holidayId=58538340,86,30,400,30,400,30,400
94,austria,niederau-oberau,hotel-hannes,827,300,826,48,47,7,8,31,24.0,34.0,11.0,69.0,https://www.igluski.com/ski-resorts/austria/niederau-oberau/hotel-hannes_6937?holidayId=58500617,unknown,0,0,50,106,48,114
95,austria,st-johann-in-tirol,hotel-park,829,unknown,700,60,17,3,4,10,4.0,23.0,2.0,29.0,https://www.igluski.com/ski-resorts/austria/st-johann-in-tirol/hotel-park_1300?holidayId=58520945,100,0,0,40,96,44,97
96,italy,canazei,hotel-il-caminetto,832,1000,1460,120,58,9,28,21,30.0,41.0,3.0,74.0,https://www.igluski.com/ski-resorts/italy/canazei/hotel-il-caminetto_32382?holidayId=58498271,unknown,50,160,50,120,50,120
97,italy,bardonecchia,hotel-rive,832,200,1312,140,23,0,9,14,17.0,24.0,1.0,42.0,https://www.igluski.com/ski-resorts/italy/bardonecchia/hotel-rive_20497?holidayId=58476448,150,70,170,60,200,47,177
98,austria,niederau-oberau,hotel-sonnschein,834,1000,826,48,47,7,8,31,24.0,34.0,11.0,69.0,https://www.igluski.com/ski-resorts/austria/niederau-oberau/hotel-sonnschein_2109?holidayId=58532836,284,0,0,50,106,48,114
99,italy,selva-val-gardena,hotel-alpino-plan,834,unknown,1563,175,81,9,41,31,32.0,23.0,4.0,59.0,https://www.igluski.com/ski-resorts/italy/selva-val-gardena/hotel-alpino-plan_3627?holidayId=58495641,70,72,165,50,150,49,149
100,italy,sauze-d-oulx,hotel-biancaneve,838,unknown,1503,400,89,0,35,54,31.0,97.0,32.0,160.0,https://www.igluski.com/ski-resorts/italy/sauze-d-oulx/hotel-biancaneve_2539?holidayId=58410858,32,150,220,35,300,96,280
101,italy,passo-tonale,hotel-paradiso,839,unknown,1883,100,30,3,19,8,11.0,15.0,4.0,30.0,https://www.igluski.com/ski-resorts/italy/passo-tonale/hotel-paradiso_18878?holidayId=59385013,240,30,400,30,400,30,400
102,andorra,pas-de-la-casa,magic-hotel,839,200,2050,193,63,4,28,26,40.0,37.0,23.0,100.0,https://www.igluski.com/ski-resorts/andorra/pas-de-la-casa/magic-hotel_19624?holidayId=58528496,194,15,40,80,165,52,140
103,italy,cervinia,hotel-mon-reve,840,unknown,2050,350,56,21,21,12,30.0,75.0,26.0,131.0,https://www.igluski.com/ski-resorts/italy/cervinia/hotel-mon-reve_30843?holidayId=58478297,50,27,106,64,147,55,208
104,austria,schladming,hotel-kirchenwirt,843,unknown,745,175,93,8,23,62,22.0,44.0,8.0,74.0,https://www.igluski.com/ski-resorts/austria/schladming/hotel-kirchenwirt_6330?holidayId=58505672,30,0,50,70,110,67,118
105,austria,bad-gastein,hotel-alpenblick,847,500,1080,250,49,11,19,18,16.0,38.0,6.0,60.0,https://www.igluski.com/ski-resorts/austria/bad-gastein/hotel-alpenblick_32401?holidayId=58539653,76,0,100,48,155,45,176
106,finland,saariselka,tunturi-hotel-suites,849,unknown,180,20,5,0,1,4,3.0,7.0,2.0,12.0,https://www.igluski.com/ski-resorts/finland/saariselka/tunturi-hotel-suites_34984?holidayId=51746245,unknown,unknown,unknown,unknown,unknown,unknown,unknown
107,austria,alpbach,hotel-alphof,852,unknown,1000,145,47,7,8,31,24.0,34.0,11.0,69.0,https://www.igluski.com/ski-resorts/austria/alpbach/hotel-alphof_37880?holidayId=58486558,unknown,0,0,50,106,48,114
108,italy,sestriere,hotel-gran-roc,852,1000,2035,400,94,5,35,54,43.0,73.0,30.0,146.0,https://www.igluski.com/ski-resorts/italy/sestriere/hotel-gran-roc_39152?holidayId=58476396,unknown,150,220,35,300,96,280
109,italy,passo-tonale,delle-alpi-hotel,854,unknown,1883,100,30,3,19,8,11.0,15.0,4.0,30.0,https://www.igluski.com/ski-resorts/italy/passo-tonale/delle-alpi-hotel_4102?holidayId=58387390,70,30,400,30,400,30,400
110,austria,mayrhofen,alpin-hotel-garni-eder,855,300,630,600,52,8,27,17,43.0,75.0,15.0,133.0,https://www.igluski.com/ski-resorts/austria/mayrhofen/alpin-hotel-garni-eder_32262?holidayId=58518413,unknown,0,60,5,80,2,99
111,austria,zell-am-see,seehotel--seevilla-freiberg,855,unknown,758,136,55,13,18,24,31.0,19.0,9.0,59.0,https://www.igluski.com/ski-resorts/austria/zell-am-see/seehotel--seevilla-freiberg_1325?holidayId=58488847,80,0,58,43,147,46,150
112,italy,canazei,hotel-diana,855,unknown,1460,120,58,9,28,21,30.0,41.0,3.0,74.0,https://www.igluski.com/ski-resorts/italy/canazei/hotel-diana_42103?holidayId=58525928,100,50,160,50,120,50,120
113,austria,igls,bon-alpina-hotel,856,unknown,870,12,8,1,3,4,2.0,3.0,0.0,5.0,https://www.igluski.com/ski-resorts/austria/igls/bon-alpina-hotel_3378?holidayId=58332813,194,0,0,45,106,49,124
114,austria,alpbach,haus-andreas--rostall,856,unknown,1000,145,47,7,8,31,24.0,34.0,11.0,69.0,https://www.igluski.com/ski-resorts/austria/alpbach/haus-andreas--rostall_37878?holidayId=58518855,unknown,0,0,50,106,48,114
115,andorra,pas-de-la-casa,font-d-argent,858,45,2050,193,63,4,28,26,40.0,37.0,23.0,100.0,https://www.igluski.com/ski-resorts/andorra/pas-de-la-casa/font-d-argent_7183?holidayId=58477146,150,15,40,80,165,52,140
116,italy,pila,th-pila,858,200,1800,70,12,2,9,1,5.0,22.0,3.0,30.0,https://www.igluski.com/ski-resorts/italy/pila/th-pila_36919?holidayId=58484730,unknown,65,150,65,150,65,150
117,austria,zell-am-see,garden-hotel-daxer,861,unknown,758,136,55,13,18,24,31.0,19.0,9.0,59.0,https://www.igluski.com/ski-resorts/austria/zell-am-see/garden-hotel-daxer_38131?holidayId=58448729,unknown,0,58,43,147,46,150
118,andorra,pas-de-la-casa,cristina-hotel,861,200,2050,193,63,4,28,26,40.0,37.0,23.0,100.0,https://www.igluski.com/ski-resorts/andorra/pas-de-la-casa/cristina-hotel_288?holidayId=58540236,100,15,40,80,165,52,140
119,italy,passo-tonale,hotel-gardenia,861,unknown,1883,100,30,3,19,8,11.0,15.0,4.0,30.0,https://www.igluski.com/ski-resorts/italy/passo-tonale/hotel-gardenia_3606?holidayId=58523785,112,30,400,30,400,30,400
120,italy,kronplatz,hotel-marajei,867,unknown,900,103,32,20,6,6,25.0,12.0,6.0,43.0,https://www.igluski.com/ski-resorts/italy/kronplatz/hotel-marajei_36744?holidayId=58490805,unknown,60,120,60,130,60,132
121,bulgaria,borovets,hotel-rila,869,25,1390,58,18,1,4,13,1.0,13.0,1.0,15.0,https://www.igluski.com/ski-resorts/bulgaria/borovets/hotel-rila_1060?holidayId=58515864,1200,0,0,160,200,194,246
122,italy,la-thuile,hotel-planibel,873,5,1441,150,36,1,16,19,13.0,14.0,6.0,33.0,https://www.igluski.com/ski-resorts/italy/la-thuile/hotel-planibel_500?holidayId=58512782,762,15,90,190,225,174,263
123,austria,bad-hofgastein,hotel-der-salzburger-hof,874,unknown,870,208,49,11,19,18,16.0,38.0,6.0,60.0,https://www.igluski.com/ski-resorts/austria/bad-hofgastein/hotel-der-salzburger-hof_1255?holidayId=58542495,unknown,0,100,48,155,45,176
124,italy,selva-val-gardena,hotel-posta-al-cervo,874,800,1563,175,81,9,41,31,32.0,23.0,4.0,59.0,https://www.igluski.com/ski-resorts/italy/selva-val-gardena/hotel-posta-al-cervo_39293?holidayId=58453197,unknown,72,165,50,150,49,149
125,italy,canazei,hotel-dolomiti,878,500,1460,120,58,9,28,21,30.0,41.0,3.0,74.0,https://www.igluski.com/ski-resorts/italy/canazei/hotel-dolomiti_20969?holidayId=58515112,180,50,160,50,120,50,120
126,italy,sauze-d-oulx,hotel-new-miravalle,879,unknown,1503,400,89,0,35,54,31.0,97.0,32.0,160.0,https://www.igluski.com/ski-resorts/italy/sauze-d-oulx/hotel-new-miravalle_3792?holidayId=58534895,unknown,150,220,35,300,96,280
127,austria,zell-am-see,landhotel-martha,880,unknown,758,136,55,13,18,24,31.0,19.0,9.0,59.0,https://www.igluski.com/ski-resorts/austria/zell-am-see/landhotel-martha_22321?holidayId=58500797,20,0,58,43,147,46,150
128,finland,levi,hotel-levi-panorama,881,unknown,200,44,27,2,2,14,19.0,22.0,2.0,43.0,https://www.igluski.com/ski-resorts/finland/levi/hotel-levi-panorama_36700?holidayId=58271288,340,35,45,65,75,90,115
129,andorra,arinsal,hotel-princesa-parc,883,200,1550,63,30,2,11,13,22.0,16.0,4.0,42.0,https://www.igluski.com/ski-resorts/andorra/arinsal/hotel-princesa-parc_6213?holidayId=58394624,500,30,60,130,180,120,170
130,france,morzine,hotel-igloo,886,unknown,1000,650,206,14,82,110,153.0,127.0,28.0,308.0,https://www.igluski.com/ski-resorts/france/morzine/hotel-igloo_1544?holidayId=58520752,unknown,10,50,40,190,23,156
131,france,chatel,hotel-le-tremplin,888,300,1200,650,206,14,78,114,153.0,127.0,28.0,308.0,https://www.igluski.com/ski-resorts/france/chatel/hotel-le-tremplin_40615?holidayId=58452973,70,10,50,40,190,23,156
132,austria,soll,hotel-feldwebel,890,unknown,703,250,94,11,38,44,63.0,57.0,8.0,128.0,https://www.igluski.com/ski-resorts/austria/soll/hotel-feldwebel_4140?holidayId=58496403,64,0,25,33,76,48,85
133,italy,sestriere,hotel-du-col,891,unknown,2035,400,94,5,35,54,43.0,73.0,30.0,146.0,https://www.igluski.com/ski-resorts/italy/sestriere/hotel-du-col_3797?holidayId=58453243,140,150,220,35,300,96,280
134,italy,gressoney,hotel-scoiattolo,891,unknown,1637,150,13,3,5,5,7.0,20.0,5.0,32.0,https://www.igluski.com/ski-resorts/italy/gressoney/hotel-scoiattolo_1793?holidayId=58520980,30,10,110,30,120,30,120
135,austria,soll,hotel-modlinger,893,1000,703,250,94,11,38,44,63.0,57.0,8.0,128.0,https://www.igluski.com/ski-resorts/austria/soll/hotel-modlinger_1982?holidayId=58519006,72,0,25,33,76,48,85
136,italy,campitello,hotel-christine,893,600,1448,17,9,2,5,2,3.0,4.0,1.0,8.0,https://www.igluski.com/ski-resorts/italy/campitello/hotel-christine_42104?holidayId=58448941,50,unknown,unknown,unknown,unknown,unknown,unknown
137,austria,mayrhofen,der-siegeler,897,950,630,600,52,8,27,17,43.0,75.0,15.0,133.0,https://www.igluski.com/ski-resorts/austria/mayrhofen/der-siegeler_36810?holidayId=58537496,80,0,60,5,80,2,99
138,italy,folgarida,hotel-caminetto,897,100,1300,50,25,5,15,5,18.0,8.0,4.0,30.0,https://www.igluski.com/ski-resorts/italy/folgarida/hotel-caminetto_32172?holidayId=58502083,72,unknown,unknown,unknown,unknown,unknown,unknown
139,france,alpe-d-huez,hotel-le-chaix,897,200,1850,249,82,15,23,41,23.0,74.0,38.0,135.0,https://www.igluski.com/ski-resorts/france/alpe-d-huez/hotel-le-chaix_40716?holidayId=58536200,66,71,120,151,276,141,241
140,finland,saariselka,holiday-club,899,500,180,20,5,0,1,4,3.0,7.0,2.0,12.0,https://www.igluski.com/ski-resorts/finland/saariselka/holiday-club_24309?holidayId=51633533,150,unknown,unknown,unknown,unknown,unknown,unknown
141,finland,saariselka,tunturi-hotel,899,unknown,180,20,5,0,1,4,3.0,7.0,2.0,12.0,https://www.igluski.com/ski-resorts/finland/saariselka/tunturi-hotel_24322?holidayId=51764215,unknown,unknown,unknown,unknown,unknown,unknown,unknown
142,italy,cervinia,hotel-compagnoni,901,unknown,2050,350,56,21,21,12,30.0,75.0,26.0,131.0,https://www.igluski.com/ski-resorts/italy/cervinia/hotel-compagnoni_1699?holidayId=58493037,unknown,27,106,64,147,55,208
143,france,val-d-isere,hotel-le-kern,902,500,1850,300,89,10,45,34,83.0,46.0,25.0,154.0,https://www.igluski.com/ski-resorts/france/val-d-isere/hotel-le-kern_3737?holidayId=58426603,40,75,165,185,233,191,242
144,andorra,soldeu,hotel-himalaia-soldeu,902,140,1800,210,67,4,32,26,63.0,38.0,22.0,123.0,https://www.igluski.com/ski-resorts/andorra/soldeu/hotel-himalaia-soldeu_6248?holidayId=58538293,212,unknown,unknown,unknown,unknown,unknown,unknown
145,finland,yllas,yllaskaltio,904,unknown,719,0,29,1,1,0,33.0,24.0,6.0,63.0,https://www.igluski.com/ski-resorts/finland/yllas/yllaskaltio_26954?holidayId=58522786,144,40,65,85,85,85,85
146,italy,sestriere,grand-hotel-sestriere,905,300,2035,400,94,5,35,54,43.0,73.0,30.0,146.0,https://www.igluski.com/ski-resorts/italy/sestriere/grand-hotel-sestriere_3798?holidayId=58509120,208,150,220,35,300,96,280
147,italy,selva-val-gardena,hotel-flora,905,500,1563,175,81,9,41,31,32.0,23.0,4.0,59.0,https://www.igluski.com/ski-resorts/italy/selva-val-gardena/hotel-flora_20963?holidayId=58411000,38,72,165,50,150,49,149
148,austria,soll,hotel-fuchs,906,unknown,703,250,94,11,38,44,63.0,57.0,8.0,128.0,https://www.igluski.com/ski-resorts/austria/soll/hotel-fuchs_19892?holidayId=58438138,130,0,25,33,76,48,85
149,italy,passo-tonale,hotel-sport-vittoria,907,unknown,1883,100,30,3,19,8,11.0,15.0,4.0,30.0,https://www.igluski.com/ski-resorts/italy/passo-tonale/hotel-sport-vittoria_3607?holidayId=58510939,144,30,400,30,400,30,400
150,austria,st-johann-in-tirol,das-hotel--wirtshaus-post,917,unknown,700,60,17,3,4,10,4.0,23.0,2.0,29.0,https://www.igluski.com/ski-resorts/austria/st-johann-in-tirol/das-hotel--wirtshaus-post_1297?holidayId=58537162,unknown,0,0,40,96,44,97
151,france,bourg-st-maurice,hotel-base-camp-lodge,918,unknown,1600,425,171,15,62,94,20.0,195.0,27.0,242.0,https://www.igluski.com/ski-resorts/france/bourg-st-maurice/hotel-base-camp-lodge_42100?holidayId=58489490,120,unknown,unknown,unknown,unknown,unknown,unknown
152,italy,selva-val-gardena,hotel-pineta,919,unknown,1563,175,81,9,41,31,32.0,23.0,4.0,59.0,https://www.igluski.com/ski-resorts/italy/selva-val-gardena/hotel-pineta_3628?holidayId=58515300,unknown,72,165,50,150,49,149
153,austria,ellmau,alte-post-hotel,919,500,820,280,95,9,33,52,63.0,57.0,8.0,128.0,https://www.igluski.com/ski-resorts/austria/ellmau/alte-post-hotel_2025?holidayId=58507822,64,0,25,33,76,48,85
154,austria,solden,gastehaus-kneisl,921,unknown,1350,146,33,8,16,9,20.0,12.0,8.0,40.0,https://www.igluski.com/ski-resorts/austria/solden/gastehaus-kneisl_36786?holidayId=58521371,unknown,5,263,15,306,15,362
155,france,les-deux-alpes,chamois-lodge,922,240,1651,220,43,4,17,18,14.0,49.0,22.0,85.0,https://www.igluski.com/ski-resorts/france/les-deux-alpes/chamois-lodge_40723?holidayId=58527929,600,25,100,40,200,40,200
156,andorra,soldeu,hotel-bruxelles,924,200,1800,210,67,4,32,26,63.0,38.0,22.0,123.0,https://www.igluski.com/ski-resorts/andorra/soldeu/hotel-bruxelles_2149?holidayId=58537918,38,unknown,unknown,unknown,unknown,unknown,unknown
157,france,les-deux-alpes,hotel-de-la-valentin,926,unknown,1651,220,43,4,17,18,14.0,49.0,22.0,85.0,https://www.igluski.com/ski-resorts/france/les-deux-alpes/hotel-de-la-valentin_33153?holidayId=58502258,54,25,100,40,200,40,200
158,france,les-deux-alpes,hotel-belle-etoile,928,100,1651,220,43,4,17,18,14.0,49.0,22.0,85.0,https://www.igluski.com/ski-resorts/france/les-deux-alpes/hotel-belle-etoile_20671?holidayId=58478850,58,25,100,40,200,40,200
159,italy,gressoney,chalet-du-lys,931,unknown,1637,150,13,3,5,5,7.0,20.0,5.0,32.0,https://www.igluski.com/ski-resorts/italy/gressoney/chalet-du-lys_30841?holidayId=58512116,58,10,110,30,120,30,120
160,austria,galtur,alpenhotel-tirol,940,unknown,1585,40,0,0,0,0,0.0,0.0,0.0,0.0,https://www.igluski.com/ski-resorts/austria/galtur/alpenhotel-tirol_26985?holidayId=58539136,76,20,45,66,125,68,150
161,italy,passo-tonale,hotel-miramonti,941,unknown,1883,100,30,3,19,8,11.0,15.0,4.0,30.0,https://www.igluski.com/ski-resorts/italy/passo-tonale/hotel-miramonti_4099?holidayId=58530699,240,30,400,30,400,30,400
162,andorra,soldeu,hotel-piolets,941,50,1800,210,67,4,32,26,63.0,38.0,22.0,123.0,https://www.igluski.com/ski-resorts/andorra/soldeu/hotel-piolets_560?holidayId=58463322,236,unknown,unknown,unknown,unknown,unknown,unknown
163,italy,cervinia,edelweiss-hotel,945,unknown,2050,350,56,21,21,12,30.0,75.0,26.0,131.0,https://www.igluski.com/ski-resorts/italy/cervinia/edelweiss-hotel_3781?holidayId=58486251,70,27,106,64,147,55,208
164,finland,levi,k5-hotel,949,unknown,200,44,27,2,2,14,19.0,22.0,2.0,43.0,https://www.igluski.com/ski-resorts/finland/levi/k5-hotel_26013?holidayId=54693494,70,35,45,65,75,90,115
165,france,les-arcs-2000,hotel-club-mmv-altitude,952,unknown,2000,200,82,8,33,41,57.0,33.0,18.0,108.0,https://www.igluski.com/ski-resorts/france/les-arcs-2000/hotel-club-mmv-altitude_30907?holidayId=58483614,390,unknown,unknown,unknown,unknown,unknown,unknown
166,italy,cervinia,hotel-petit-palais,955,100,2050,350,56,21,21,12,30.0,75.0,26.0,131.0,https://www.igluski.com/ski-resorts/italy/cervinia/hotel-petit-palais_1739?holidayId=58540384,106,27,106,64,147,55,208
167,italy,campitello,hotel-stella-montis,955,unknown,1448,17,9,2,5,2,3.0,4.0,1.0,8.0,https://www.igluski.com/ski-resorts/italy/campitello/hotel-stella-montis_38748?holidayId=58534963,unknown,unknown,unknown,unknown,unknown,unknown,unknown
168,italy,san-candido,sporthotel-tyrol,960,500,1600,93,32,1,7,19,24.0,37.0,15.0,76.0,https://www.igluski.com/ski-resorts/italy/san-candido/sporthotel-tyrol_34913?holidayId=58491002,unknown,unknown,unknown,unknown,unknown,unknown,unknown
169,italy,madonna-di-campiglio,alpen-hotel-vidi,961,200,1550,150,47,9,29,9,21.0,13.0,4.0,38.0,https://www.igluski.com/ski-resorts/italy/madonna-di-campiglio/alpen-hotel-vidi_39149?holidayId=58433254,unknown,79,187,60,160,60,149
170,austria,mayrhofen,alpenhof-kristall,964,1000,630,600,52,8,27,17,43.0,75.0,15.0,133.0,https://www.igluski.com/ski-resorts/austria/mayrhofen/alpenhof-kristall_40737?holidayId=59450388,unknown,0,60,5,80,2,99
171,italy,selva-val-gardena,hotel-pralong,967,150,1563,175,81,9,41,31,32.0,23.0,4.0,59.0,https://www.igluski.com/ski-resorts/italy/selva-val-gardena/hotel-pralong_2543?holidayId=58528224,54,72,165,50,150,49,149
172,austria,ischgl,hotel-garni-litzner,969,unknown,1400,230,48,9,27,12,23.0,60.0,15.0,98.0,https://www.igluski.com/ski-resorts/austria/ischgl/hotel-garni-litzner_19706?holidayId=58520681,65,20,70,50,120,63,131
173,austria,zell-am-see,hotel-zum-hirschen,969,150,758,136,55,13,18,24,31.0,19.0,9.0,59.0,https://www.igluski.com/ski-resorts/austria/zell-am-see/hotel-zum-hirschen_2205?holidayId=58492560,45,0,58,43,147,46,150
174,france,val-d-isere,les-cretes-blanches,971,200,1850,300,89,10,45,34,83.0,46.0,25.0,154.0,https://www.igluski.com/ski-resorts/france/val-d-isere/les-cretes-blanches_6704?holidayId=58432771,60,75,165,185,233,191,242
175,andorra,pas-de-la-casa,hotel-sporting,974,unknown,2050,193,63,4,28,26,40.0,37.0,23.0,100.0,https://www.igluski.com/ski-resorts/andorra/pas-de-la-casa/hotel-sporting_22830?holidayId=58500686,unknown,15,40,80,165,52,140
176,andorra,soldeu,sporthotel,978,50,1800,210,67,4,32,26,63.0,38.0,22.0,123.0,https://www.igluski.com/ski-resorts/andorra/soldeu/sporthotel_996?holidayId=58451008,330,unknown,unknown,unknown,unknown,unknown,unknown
177,italy,campitello,hotel-park-diamant,980,unknown,1448,17,9,2,5,2,3.0,4.0,1.0,8.0,https://www.igluski.com/ski-resorts/italy/campitello/hotel-park-diamant_2490?holidayId=58545122,78,unknown,unknown,unknown,unknown,unknown,unknown
178,france,alpe-d-huez,hotel-le-castillan,981,120,1850,249,82,15,23,41,23.0,74.0,38.0,135.0,https://www.igluski.com/ski-resorts/france/alpe-d-huez/hotel-le-castillan_42107?holidayId=58532301,100,71,120,151,276,141,241
179,austria,st-anton,hotel-goldenes-kreuz,985,unknown,1304,305,88,15,45,28,130.0,123.0,51.0,304.0,https://www.igluski.com/ski-resorts/austria/st-anton/hotel-goldenes-kreuz_1295?holidayId=58457176,56,35,45,110,138,102,168
180,austria,zell-am-see,hotel-lebzelter,986,200,758,136,55,13,18,24,31.0,19.0,9.0,59.0,https://www.igluski.com/ski-resorts/austria/zell-am-see/hotel-lebzelter_4163?holidayId=59409461,100,0,58,43,147,46,150
181,austria,mayrhofen,sport--spa-hotel-strass,987,10,630,600,52,8,27,17,43.0,75.0,15.0,133.0,https://www.igluski.com/ski-resorts/austria/mayrhofen/sport--spa-hotel-strass_1394?holidayId=58523796,360,0,60,5,80,2,99
182,italy,val-di-fassa,hotel-rubino-executive,989,unknown,1460,120,58,9,28,21,30.0,41.0,3.0,74.0,https://www.igluski.com/ski-resorts/italy/val-di-fassa/hotel-rubino-executive_3623?holidayId=58537627,unknown,50,160,50,120,50,120
183,france,tignes,hotel-diva,990,300,2100,300,89,10,45,34,83.0,46.0,25.0,154.0,https://www.igluski.com/ski-resorts/france/tignes/hotel-diva_1501?holidayId=58285963,242,75,165,185,233,191,242
184,andorra,arinsal,diana-parc--spa-hotel,991,unknown,1550,63,30,2,11,13,22.0,16.0,4.0,42.0,https://www.igluski.com/ski-resorts/andorra/arinsal/diana-parc--spa-hotel_36622?holidayId=58515222,unknown,30,60,130,180,120,170
185,austria,ischgl,garni-neder,993,unknown,1400,230,48,9,27,12,23.0,60.0,15.0,98.0,https://www.igluski.com/ski-resorts/austria/ischgl/garni-neder_27627?holidayId=58521356,42,20,70,50,120,63,131
186,austria,soll,feichter-guesthouse,997,unknown,703,250,94,11,38,44,63.0,57.0,8.0,128.0,https://www.igluski.com/ski-resorts/austria/soll/feichter-guesthouse_27650?holidayId=58515190,38,0,25,33,76,48,85
187,finland,saariselka,gielas-hotel,999,unknown,180,20,5,0,1,4,3.0,7.0,2.0,12.0,https://www.igluski.com/ski-resorts/finland/saariselka/gielas-hotel_36841?holidayId=51687590,unknown,unknown,unknown,unknown,unknown,unknown,unknown
188,austria,bad-hofgastein,hotel-germania,1000,unknown,870,208,49,11,19,18,16.0,38.0,6.0,60.0,https://www.igluski.com/ski-resorts/austria/bad-hofgastein/hotel-germania_38022?holidayId=58526558,150,0,100,48,155,45,176
189,austria,st-johann-in-tirol,boutique-hotel-bruggwirt,1000,1440,700,60,17,3,4,10,4.0,23.0,2.0,29.0,https://www.igluski.com/ski-resorts/austria/st-johann-in-tirol/boutique-hotel-bruggwirt_42097?holidayId=58530186,150,0,0,40,96,44,97
190,austria,soll,hotel-gansleit,1002,unknown,703,250,94,11,38,44,63.0,57.0,8.0,128.0,https://www.igluski.com/ski-resorts/austria/soll/hotel-gansleit_3382?holidayId=58537963,60,0,25,33,76,48,85
191,italy,cortina,hotel-serena,1007,unknown,1224,140,47,5,29,13,52.0,18.0,8.0,78.0,https://www.igluski.com/ski-resorts/italy/cortina/hotel-serena_40697?holidayId=58423841,unknown,30,130,30,130,30,130
192,france,serre-chevalier,sowell-hotel-le-parc-and-spa,1007,120,1350,250,74,9,19,46,53.0,43.0,15.0,111.0,https://www.igluski.com/ski-resorts/france/serre-chevalier/sowell-hotel-le-parc-and-spa_41548?holidayId=58512643,138,0,200,75,250,43,231
193,italy,selva-val-gardena,hotel-serena,1007,unknown,1563,175,81,9,41,31,32.0,23.0,4.0,59.0,https://www.igluski.com/ski-resorts/italy/selva-val-gardena/hotel-serena_4131?holidayId=58494233,unknown,72,165,50,150,49,149
194,italy,cortina,panda-hotel,1007,unknown,1224,140,47,5,29,13,52.0,18.0,8.0,78.0,https://www.igluski.com/ski-resorts/italy/cortina/panda-hotel_33210?holidayId=58538366,unknown,30,130,30,130,30,130
195,italy,kronplatz,sport-hotel-exclusive,1009,unknown,900,103,32,20,6,6,25.0,12.0,6.0,43.0,https://www.igluski.com/ski-resorts/italy/kronplatz/sport-hotel-exclusive_40757?holidayId=58451601,200,60,120,60,130,60,132
196,austria,kaprun,hotel-toni,1009,unknown,775,132,56,12,17,27,31.0,19.0,9.0,59.0,https://www.igluski.com/ski-resorts/austria/kaprun/hotel-toni_22750?holidayId=58459067,100,0,130,33,188,39,235
197,austria,seefeld,hotel-seefelderhof,1010,250,1207,50,31,2,7,21,8.0,8.0,2.0,18.0,https://www.igluski.com/ski-resorts/austria/seefeld/hotel-seefelderhof_4123?holidayId=58400717,112,0,0,20,70,35,102
198,austria,bad-hofgastein,hotel-alpina,1010,unknown,870,208,49,11,19,18,16.0,38.0,6.0,60.0,https://www.igluski.com/ski-resorts/austria/bad-hofgastein/hotel-alpina_38008?holidayId=58463022,unknown,0,100,48,155,45,176
199,austria,kaprun,hotel-tauernhof,1012,unknown,775,132,56,12,17,27,31.0,19.0,9.0,59.0,https://www.igluski.com/ski-resorts/austria/kaprun/hotel-tauernhof_1370?holidayId=58210159,100,0,130,33,188,39,235
200,austria,bad-hofgastein,hotel-palace,1012,unknown,870,208,49,11,19,18,16.0,38.0,6.0,60.0,https://www.igluski.com/ski-resorts/austria/bad-hofgastein/hotel-palace_1258?holidayId=58417877,396,0,100,48,155,45,176
201,france,aime-la-plagne,hotel-club-mmv-plagne-2000,1016,unknown,2100,225,139,15,66,58,76.0,33.0,19.0,128.0,https://www.igluski.com/ski-resorts/france/aime-la-plagne/hotel-club-mmv-plagne-2000_39275?holidayId=58442655,100,0,0,20,250,13,321
202,france,tignes-les-brevieres,hotel-club-mmv-les-brevieres,1019,500,1550,300,89,10,45,34,83.0,46.0,25.0,154.0,https://www.igluski.com/ski-resorts/france/tignes-les-brevieres/hotel-club-mmv-les-brevieres_32421?holidayId=58337744,unknown,unknown,unknown,unknown,unknown,unknown,unknown
203,italy,madonna-di-campiglio,hotel-splendid,1021,120,1550,150,47,9,29,9,21.0,13.0,4.0,38.0,https://www.igluski.com/ski-resorts/italy/madonna-di-campiglio/hotel-splendid_40749?holidayId=58481079,100,79,187,60,160,60,149
204,italy,san-candido,hotel-villa-stefania,1022,600,1600,93,32,1,7,19,24.0,37.0,15.0,76.0,https://www.igluski.com/ski-resorts/italy/san-candido/hotel-villa-stefania_42105?holidayId=58509920,120,unknown,unknown,unknown,unknown,unknown,unknown
205,austria,schladming,hotel-schladmingerhof,1023,1500,745,175,93,8,23,62,22.0,44.0,8.0,74.0,https://www.igluski.com/ski-resorts/austria/schladming/hotel-schladmingerhof_36800?holidayId=58493954,unknown,0,50,70,110,67,118
206,austria,bad-hofgastein,johannesbad-hotel-st-georg,1027,unknown,870,208,49,11,19,18,16.0,38.0,6.0,60.0,https://www.igluski.com/ski-resorts/austria/bad-hofgastein/johannesbad-hotel-st-georg_1254?holidayId=58465460,102,0,100,48,155,45,176
207,austria,mayrhofen,landhaus-mayrhofen,1029,480,630,600,52,8,27,17,43.0,75.0,15.0,133.0,https://www.igluski.com/ski-resorts/austria/mayrhofen/landhaus-mayrhofen_40747?holidayId=58474678,80,0,60,5,80,2,99
208,france,les-deux-alpes,hotel-club-mmv-le-panorama,1029,100,1651,220,43,4,17,18,14.0,49.0,22.0,85.0,https://www.igluski.com/ski-resorts/france/les-deux-alpes/hotel-club-mmv-le-panorama_155?holidayId=58477249,192,25,100,40,200,40,200
209,italy,madonna-di-campiglio,golf-hotel-th-madonna-di-campiglio,1032,unknown,1550,150,47,9,29,9,21.0,13.0,4.0,38.0,https://www.igluski.com/ski-resorts/italy/madonna-di-campiglio/golf-hotel-th-madonna-di-campiglio_32332?holidayId=58420794,218,79,187,60,160,60,149
210,austria,saalbach,hotel-sport-berger,1034,50,1003,270,70,28,22,20,140.0,110.0,20.0,270.0,https://www.igluski.com/ski-resorts/austria/saalbach/hotel-sport-berger_1335?holidayId=58444709,120,5,50,50,133,46,140
211,austria,westendorf,sporthotel-jakobwirt,1040,250,801,284,90,15,35,40,110.0,86.0,11.0,207.0,https://www.igluski.com/ski-resorts/austria/westendorf/sporthotel-jakobwirt_2014?holidayId=58532003,96,0,25,33,76,48,85
212,austria,mayrhofen,hotel-rose,1042,500,630,600,52,8,27,17,43.0,75.0,15.0,133.0,https://www.igluski.com/ski-resorts/austria/mayrhofen/hotel-rose_1390?holidayId=58539060,96,0,60,5,80,2,99
213,france,belle-plagne,hotel-belle-plagne-2100,1045,unknown,2050,425,139,15,66,58,76.0,33.0,19.0,128.0,https://www.igluski.com/ski-resorts/france/belle-plagne/hotel-belle-plagne-2100_36721?holidayId=58377643,unknown,unknown,unknown,unknown,unknown,unknown,unknown
214,austria,schladming,hotel-neue-post,1045,500,745,175,93,8,23,62,22.0,44.0,8.0,74.0,https://www.igluski.com/ski-resorts/austria/schladming/hotel-neue-post_36875?holidayId=58519414,unknown,0,50,70,110,67,118
215,austria,st-johann-in-tirol,alpenhotel-kaiserfels,1048,unknown,700,60,17,3,4,10,4.0,23.0,2.0,29.0,https://www.igluski.com/ski-resorts/austria/st-johann-in-tirol/alpenhotel-kaiserfels_33230?holidayId=58205035,270,0,0,40,96,44,97
216,france,belle-plagne,hotel-des-balcons,1048,200,2050,425,139,15,66,58,76.0,33.0,19.0,128.0,https://www.igluski.com/ski-resorts/france/belle-plagne/hotel-des-balcons_4710?holidayId=58528790,82,unknown,unknown,unknown,unknown,unknown,unknown
217,andorra,soldeu,hotel-xalet-montana,1051,unknown,1800,210,67,4,32,26,63.0,38.0,22.0,123.0,https://www.igluski.com/ski-resorts/andorra/soldeu/hotel-xalet-montana_32301?holidayId=58531213,80,unknown,unknown,unknown,unknown,unknown,unknown
218,italy,selva-val-gardena,hotel-piccolo,1056,unknown,1563,175,81,9,41,31,32.0,23.0,4.0,59.0,https://www.igluski.com/ski-resorts/italy/selva-val-gardena/hotel-piccolo_26347?holidayId=58499851,60,72,165,50,150,49,149
219,italy,san-candido,boutique--gourmet-hotel-orso-grigio,1057,360,1600,93,32,1,7,19,24.0,37.0,15.0,76.0,https://www.igluski.com/ski-resorts/italy/san-candido/boutique--gourmet-hotel-orso-grigio_42102?holidayId=58540698,100,unknown,unknown,unknown,unknown,unknown,unknown
220,france,alpe-d-huez,prestige-apart-hotel-l-eclose,1062,200,1850,249,82,15,23,41,23.0,74.0,38.0,135.0,https://www.igluski.com/ski-resorts/france/alpe-d-huez/prestige-apart-hotel-l-eclose_42122?holidayId=58393943,150,71,120,151,276,141,241
221,austria,bad-hofgastein,hotel-alpine-wellness-impuls-tirol,1065,unknown,870,208,49,11,19,18,16.0,38.0,6.0,60.0,https://www.igluski.com/ski-resorts/austria/bad-hofgastein/hotel-alpine-wellness-impuls-tirol_18919?holidayId=58514777,140,0,100,48,155,45,176
222,italy,sestriere,hotel-principi-di-piemonte,1067,200,2035,400,94,5,35,54,43.0,73.0,30.0,146.0,https://www.igluski.com/ski-resorts/italy/sestriere/hotel-principi-di-piemonte_32526?holidayId=58505467,200,150,220,35,300,96,280
223,italy,madonna-di-campiglio,hotel-savoia-palace,1067,unknown,1550,150,47,9,29,9,21.0,13.0,4.0,38.0,https://www.igluski.com/ski-resorts/italy/madonna-di-campiglio/hotel-savoia-palace_543?holidayId=58538069,110,79,187,60,160,60,149
224,andorra,soldeu,hotel-park-piolets,1071,400,1800,210,67,4,32,26,63.0,38.0,22.0,123.0,https://www.igluski.com/ski-resorts/andorra/soldeu/hotel-park-piolets_18826?holidayId=58484928,300,unknown,unknown,unknown,unknown,unknown,unknown
225,italy,val-di-fassa,rene-dolomites-boutique-hotel,1073,800,1460,120,58,9,28,21,30.0,41.0,3.0,74.0,https://www.igluski.com/ski-resorts/italy/val-di-fassa/rene-dolomites-boutique-hotel_42106?holidayId=58528296,120,50,160,50,120,50,120
226,france,flaine,hotel-le-flaine,1076,unknown,1600,265,77,6,26,45,65.0,49.0,12.0,126.0,https://www.igluski.com/ski-resorts/france/flaine/hotel-le-flaine_7232?holidayId=58531836,100,0,0,111,275,88,289
227,austria,ischgl,garni-martina-hotel,1078,unknown,1400,230,48,9,27,12,23.0,60.0,15.0,98.0,https://www.igluski.com/ski-resorts/austria/ischgl/garni-martina-hotel_32325?holidayId=58502963,unknown,20,70,50,120,63,131
228,finland,levi,hotel-crazy-reindeer,1079,unknown,200,44,27,2,2,14,19.0,22.0,2.0,43.0,https://www.igluski.com/ski-resorts/finland/levi/hotel-crazy-reindeer_19918?holidayId=51689139,314,35,45,65,75,90,115
229,austria,bad-gastein,hotel-post,1083,unknown,1080,250,49,11,19,18,16.0,38.0,6.0,60.0,https://www.igluski.com/ski-resorts/austria/bad-gastein/hotel-post_38001?holidayId=58463421,unknown,0,100,48,155,45,176
230,france,alpe-d-huez,hotel-club-mmv-les-bergers,1087,10,1850,249,82,15,23,41,23.0,74.0,38.0,135.0,https://www.igluski.com/ski-resorts/france/alpe-d-huez/hotel-club-mmv-les-bergers_15304?holidayId=58510302,150,71,120,151,276,141,241
231,austria,zell-am-see,hotel-berner,1088,100,758,136,55,13,18,24,31.0,19.0,9.0,59.0,https://www.igluski.com/ski-resorts/austria/zell-am-see/hotel-berner_2201?holidayId=58523254,72,0,58,43,147,46,150
232,austria,bad-gastein,hotel-salzburger-hof,1101,400,1080,250,49,11,19,18,16.0,38.0,6.0,60.0,https://www.igluski.com/ski-resorts/austria/bad-gastein/hotel-salzburger-hof_36844?holidayId=58210854,unknown,0,100,48,155,45,176
233,austria,schladming,stadthotel-brunner,1101,300,745,175,93,8,23,62,22.0,44.0,8.0,74.0,https://www.igluski.com/ski-resorts/austria/schladming/stadthotel-brunner_40741?holidayId=58205056,200,0,50,70,110,67,118
234,france,val-thorens,hotel-le-val-chaviere,1101,200,2300,600,183,40,69,74,183.0,106.0,32.0,321.0,https://www.igluski.com/ski-resorts/france/val-thorens/hotel-le-val-chaviere_1447?holidayId=58473996,98,98,121,215,267,207,269
235,france,les-arcs-1800,hotel-du-golf,1107,50,1800,200,82,8,33,41,57.0,33.0,18.0,108.0,https://www.igluski.com/ski-resorts/france/les-arcs-1800/hotel-du-golf_65?holidayId=59319919,492,unknown,unknown,unknown,unknown,unknown,unknown
236,france,avoriaz,les-cimes-du-soleil,1107,200,950,650,107,14,83,0,39.0,219.0,28.0,286.0,https://www.igluski.com/ski-resorts/france/avoriaz/les-cimes-du-soleil_36887?holidayId=59318838,unknown,10,50,40,190,23,156
237,austria,seefeld,hotel-vaya-seefeld,1107,unknown,1207,50,31,2,7,21,8.0,8.0,2.0,18.0,https://www.igluski.com/ski-resorts/austria/seefeld/hotel-vaya-seefeld_6201?holidayId=58475473,110,0,0,20,70,35,102
238,austria,zell-am-see,hotel-waldhof,1116,350,758,136,55,13,18,24,31.0,19.0,9.0,59.0,https://www.igluski.com/ski-resorts/austria/zell-am-see/hotel-waldhof_32158?holidayId=58199462,158,0,58,43,147,46,150
239,austria,kaprun,hotel-antonius,1116,unknown,775,132,56,12,17,27,31.0,19.0,9.0,59.0,https://www.igluski.com/ski-resorts/austria/kaprun/hotel-antonius_1369?holidayId=58435756,100,0,130,33,188,39,235
240,austria,bad-hofgastein,hotel-osterreichischerhof,1117,unknown,870,208,49,11,19,18,16.0,38.0,6.0,60.0,https://www.igluski.com/ski-resorts/austria/bad-hofgastein/hotel-osterreichischerhof_1256?holidayId=58203789,115,0,100,48,155,45,176
241,italy,courmayeur,hotel-gran-baita,1119,unknown,1224,100,16,5,8,3,6.0,12.0,4.0,22.0,https://www.igluski.com/ski-resorts/italy/courmayeur/hotel-gran-baita_2580?holidayId=58476395,unknown,40,100,40,100,41,117
242,austria,zell-am-see,boutique-hotel-twotimez,1120,200,758,136,55,13,18,24,31.0,19.0,9.0,59.0,https://www.igluski.com/ski-resorts/austria/zell-am-see/boutique-hotel-twotimez_36915?holidayId=58544080,unknown,0,58,43,147,46,150
243,andorra,soldeu,sporthotel-village,1123,20,1800,210,67,4,32,26,63.0,38.0,22.0,123.0,https://www.igluski.com/ski-resorts/andorra/soldeu/sporthotel-village_561?holidayId=58485059,300,unknown,unknown,unknown,unknown,unknown,unknown
244,italy,courmayeur,hotel-jumeaux,1123,unknown,1224,100,16,5,8,3,6.0,12.0,4.0,22.0,https://www.igluski.com/ski-resorts/italy/courmayeur/hotel-jumeaux_27414?holidayId=58530627,50,40,100,40,100,41,117
245,italy,san-candido,parkhotel-sole-paradiso,1127,360,1600,93,32,1,7,19,24.0,37.0,15.0,76.0,https://www.igluski.com/ski-resorts/italy/san-candido/parkhotel-sole-paradiso_42109?holidayId=58512011,120,unknown,unknown,unknown,unknown,unknown,unknown
246,austria,saalbach,hotel-panorama-landhaus,1133,unknown,1003,270,70,28,22,20,140.0,110.0,20.0,270.0,https://www.igluski.com/ski-resorts/austria/saalbach/hotel-panorama-landhaus_36723?holidayId=58366514,unknown,5,50,50,133,46,140
247,austria,zell-am-see,hotel-heitzmann,1136,200,758,136,55,13,18,24,31.0,19.0,9.0,59.0,https://www.igluski.com/ski-resorts/austria/zell-am-see/hotel-heitzmann_2203?holidayId=58210783,132,0,58,43,147,46,150
248,italy,arabba,sporthotel-arabba,1140,150,1600,1220,30,7,15,8,19.0,28.0,3.0,50.0,https://www.igluski.com/ski-resorts/italy/arabba/sporthotel-arabba_3612?holidayId=58546305,104,115,165,60,285,72,244
249,austria,saalbach,landhaus-bauer,1143,200,1003,270,70,28,22,20,140.0,110.0,20.0,270.0,https://www.igluski.com/ski-resorts/austria/saalbach/landhaus-bauer_36929?holidayId=58391773,unknown,5,50,50,133,46,140
250,france,plagne-soleil,hotel-vancouver,1146,200,2100,225,105,9,36,60,76.0,33.0,19.0,128.0,https://www.igluski.com/ski-resorts/france/plagne-soleil/hotel-vancouver_27015?holidayId=58501991,84,unknown,unknown,unknown,unknown,unknown,unknown
251,austria,hinterglemm,hotel-zur-dorfschmiede,1150,50,1003,200,54,15,16,23,32.0,27.0,5.0,64.0,https://www.igluski.com/ski-resorts/austria/hinterglemm/hotel-zur-dorfschmiede_36634?holidayId=58446705,100,5,50,50,133,46,140
252,italy,selva-val-gardena,hotel-armin,1154,unknown,1563,175,81,9,41,31,32.0,23.0,4.0,59.0,https://www.igluski.com/ski-resorts/italy/selva-val-gardena/hotel-armin_7236?holidayId=58527760,50,72,165,50,150,49,149
253,france,tignes,hotel-arbina,1157,120,2100,300,89,10,45,34,83.0,46.0,25.0,154.0,https://www.igluski.com/ski-resorts/france/tignes/hotel-arbina_41530?holidayId=59254004,50,75,165,185,233,191,242
254,austria,soll,hotel-tyrol,1158,unknown,703,250,94,11,38,44,63.0,57.0,8.0,128.0,https://www.igluski.com/ski-resorts/austria/soll/hotel-tyrol_4676?holidayId=58485537,120,0,25,33,76,48,85
255,italy,santa-cristina,hotel-bel-mont,1158,600,1428,175,80,8,40,32,32.0,23.0,3.0,58.0,https://www.igluski.com/ski-resorts/italy/santa-cristina/hotel-bel-mont_40939?holidayId=58521974,150,72,165,50,150,49,149
256,finland,levi,levi-hotel-spa,1159,300,200,44,27,2,2,14,19.0,22.0,2.0,43.0,https://www.igluski.com/ski-resorts/finland/levi/levi-hotel-spa_27677?holidayId=51670910,440,35,45,65,75,90,115
257,france,val-d-isere,victoria-lodge,1162,unknown,1850,300,89,10,45,34,83.0,46.0,25.0,154.0,https://www.igluski.com/ski-resorts/france/val-d-isere/victoria-lodge_40678?holidayId=58321680,unknown,75,165,185,233,191,242
258,france,val-d-isere,hotel-kandahar,1169,300,1850,300,89,10,45,34,83.0,46.0,25.0,154.0,https://www.igluski.com/ski-resorts/france/val-d-isere/hotel-kandahar_2600?holidayId=58501955,82,75,165,185,233,191,242
259,austria,solden,hotel-erhart,1169,unknown,1350,146,33,8,16,9,20.0,12.0,8.0,40.0,https://www.igluski.com/ski-resorts/austria/solden/hotel-erhart_22138?holidayId=58531697,55,5,263,15,306,15,362
260,austria,st-anton,hotel-rendlhof,1172,450,1304,305,88,15,45,28,130.0,123.0,51.0,304.0,https://www.igluski.com/ski-resorts/austria/st-anton/hotel-rendlhof_1293?holidayId=58291083,40,35,45,110,138,102,168
261,france,les-deux-alpes,base-camp-lodge,1173,240,1651,220,43,4,17,18,14.0,49.0,22.0,85.0,https://www.igluski.com/ski-resorts/france/les-deux-alpes/base-camp-lodge_40947?holidayId=58529461,70,25,100,40,200,40,200
262,france,val-thorens,hotel-club-mmv-les-arolles,1173,250,2300,600,183,40,69,74,183.0,106.0,32.0,321.0,https://www.igluski.com/ski-resorts/france/val-thorens/hotel-club-mmv-les-arolles_34993?holidayId=58428786,404,98,121,215,267,207,269
263,austria,hinterglemm,hotel-alpen-karawanserai,1178,50,1003,200,54,15,16,23,32.0,27.0,5.0,64.0,https://www.igluski.com/ski-resorts/austria/hinterglemm/hotel-alpen-karawanserai_3402?holidayId=58208168,156,5,50,50,133,46,140
264,austria,galtur,vaya-galtur,1179,2100,1585,40,0,0,0,0,0.0,0.0,0.0,0.0,https://www.igluski.com/ski-resorts/austria/galtur/vaya-galtur_42095?holidayId=58442115,120,20,45,66,125,68,150
265,austria,nassfeld,franz-ferdinand-mountain-resort-nassfeld,1180,50,610,110,30,5,7,18,5.0,18.0,6.0,29.0,https://www.igluski.com/ski-resorts/austria/nassfeld/franz-ferdinand-mountain-resort-nassfeld_37093?holidayId=58514380,280,0,120,0,100,0,100
266,france,les-arcs-1800,apart-hotel-eden,1182,unknown,1800,200,82,8,33,41,57.0,33.0,18.0,108.0,https://www.igluski.com/ski-resorts/france/les-arcs-1800/apart-hotel-eden_36610?holidayId=58198057,unknown,unknown,unknown,unknown,unknown,unknown,unknown
267,france,tignes-le-lac,tignes-2100,1182,100,2100,300,89,10,45,34,83.0,46.0,25.0,154.0,https://www.igluski.com/ski-resorts/france/tignes-le-lac/tignes-2100_27616?holidayId=58499011,156,unknown,unknown,unknown,unknown,unknown,unknown
268,austria,kitzbuhel,hotel-tiefenbrunner,1184,500,760,185,61,11,27,15,29.0,27.0,11.0,67.0,https://www.igluski.com/ski-resorts/austria/kitzbuhel/hotel-tiefenbrunner_1266?holidayId=58530846,150,unknown,unknown,unknown,unknown,unknown,unknown
269,france,belle-plagne,hotel-club-mmv-deux-domaines,1184,unknown,2050,425,139,15,66,58,76.0,33.0,19.0,128.0,https://www.igluski.com/ski-resorts/france/belle-plagne/hotel-club-mmv-deux-domaines_26058?holidayId=59041803,300,unknown,unknown,unknown,unknown,unknown,unknown
270,austria,obergurgl,hotel-madeleine,1189,unknown,1930,110,24,3,12,9,16.0,18.0,6.0,40.0,https://www.igluski.com/ski-resorts/austria/obergurgl/hotel-madeleine_1384?holidayId=58376138,70,100,185,69,143,60,133
271,austria,seefeld,hotel-bergland,1189,300,1207,50,31,2,7,21,8.0,8.0,2.0,18.0,https://www.igluski.com/ski-resorts/austria/seefeld/hotel-bergland_40742?holidayId=58516576,125,0,0,20,70,35,102
272,austria,saalbach,konig-hotel,1191,unknown,1003,270,70,28,22,20,140.0,110.0,20.0,270.0,https://www.igluski.com/ski-resorts/austria/saalbach/konig-hotel_32407?holidayId=58404445,60,5,50,50,133,46,140
273,austria,schladming,hotel-tui-blue-schladming,1193,100,745,175,93,8,23,62,22.0,44.0,8.0,74.0,https://www.igluski.com/ski-resorts/austria/schladming/hotel-tui-blue-schladming_27456?holidayId=58244173,unknown,0,50,70,110,67,118
274,austria,rauris,hotel-rauriserhof,1194,unknown,950,25,10,2,1,5,7.0,3.0,1.0,11.0,https://www.igluski.com/ski-resorts/austria/rauris/hotel-rauriserhof_7547?holidayId=58209654,165,0,0,61,151,58,163
275,italy,san-candido,hotel-leitlhof,1195,800,1600,93,32,1,7,19,24.0,37.0,15.0,76.0,https://www.igluski.com/ski-resorts/italy/san-candido/hotel-leitlhof_35027?holidayId=58206982,110,unknown,unknown,unknown,unknown,unknown,unknown
276,france,la-tania,hotel-montana,1195,75,1350,600,198,43,68,87,101.0,146.0,28.0,275.0,https://www.igluski.com/ski-resorts/france/la-tania/hotel-montana_25917?holidayId=58540405,165,98,121,215,267,207,269
277,austria,obergurgl,hotel-regina,1198,unknown,1930,110,24,3,12,9,16.0,18.0,6.0,40.0,https://www.igluski.com/ski-resorts/austria/obergurgl/hotel-regina_1385?holidayId=58377256,unknown,100,185,69,143,60,133
278,france,alpe-d-huez,hotel-petit-prince,1198,unknown,1850,249,82,15,23,41,23.0,74.0,38.0,135.0,https://www.igluski.com/ski-resorts/france/alpe-d-huez/hotel-petit-prince_3238?holidayId=58482355,unknown,71,120,151,276,141,241
279,france,alpe-d-huez,hotel-royal-ours-blanc,1199,100,1850,249,82,15,23,41,23.0,74.0,38.0,135.0,https://www.igluski.com/ski-resorts/france/alpe-d-huez/hotel-royal-ours-blanc_1432?holidayId=58506816,unknown,71,120,151,276,141,241
280,austria,mayrhofen,hotel-neuhaus-st-josef,1205,600,630,600,52,8,27,17,43.0,75.0,15.0,133.0,https://www.igluski.com/ski-resorts/austria/mayrhofen/hotel-neuhaus-st-josef_40746?holidayId=58209646,300,0,60,5,80,2,99
281,france,val-thorens,hotel-le-sherpa,1206,200,2300,600,183,40,69,74,183.0,106.0,32.0,321.0,https://www.igluski.com/ski-resorts/france/val-thorens/hotel-le-sherpa_1445?holidayId=58541571,118,98,121,215,267,207,269
282,austria,soll,hotel-postwirt,1213,800,703,250,94,11,38,44,63.0,57.0,8.0,128.0,https://www.igluski.com/ski-resorts/austria/soll/hotel-postwirt_1983?holidayId=58510388,124,0,25,33,76,48,85
283,austria,seefeld,hotel-residenz-hochland,1215,1200,1207,50,31,2,7,21,8.0,8.0,2.0,18.0,https://www.igluski.com/ski-resorts/austria/seefeld/hotel-residenz-hochland_40739?holidayId=58210132,600,0,0,20,70,35,102
284,france,val-thorens,hotel-tango,1224,unknown,2300,600,183,40,69,74,183.0,106.0,32.0,321.0,https://www.igluski.com/ski-resorts/france/val-thorens/hotel-tango_32145?holidayId=58417248,unknown,98,121,215,267,207,269
285,austria,saalbach,hotel-eva-garden,1227,unknown,1003,270,70,28,22,20,140.0,110.0,20.0,270.0,https://www.igluski.com/ski-resorts/austria/saalbach/hotel-eva-garden_27657?holidayId=58486233,38,5,50,50,133,46,140
286,france,serre-chevalier,grand-aigle-hotel--spa,1227,200,1350,250,74,9,19,46,53.0,43.0,15.0,111.0,https://www.igluski.com/ski-resorts/france/serre-chevalier/grand-aigle-hotel--spa_7422?holidayId=58538710,187,0,200,75,250,43,231
287,austria,obergurgl,hotel-enzian,1228,unknown,1930,110,24,3,12,9,16.0,18.0,6.0,40.0,https://www.igluski.com/ski-resorts/austria/obergurgl/hotel-enzian_32859?holidayId=58517966,54,100,185,69,143,60,133
288,france,val-d-isere,hotel-la-savoyarde,1230,unknown,1850,300,89,10,45,34,83.0,46.0,25.0,154.0,https://www.igluski.com/ski-resorts/france/val-d-isere/hotel-la-savoyarde_976?holidayId=58457396,100,75,165,185,233,191,242
289,austria,st-anton,sporthotel,1231,150,1304,305,88,15,45,28,130.0,123.0,51.0,304.0,https://www.igluski.com/ski-resorts/austria/st-anton/sporthotel_1288?holidayId=58456206,106,35,45,110,138,102,168
290,france,chamonix,hotel-les-aiglons,1235,200,1035,762,64,13,18,32,51.0,190.0,21.0,262.0,https://www.igluski.com/ski-resorts/france/chamonix/hotel-les-aiglons_19821?holidayId=58525783,214,0,0,0,130,0,130
291,austria,nassfeld,falkensteiner-hotel-sonnenalpe,1235,unknown,610,110,30,5,7,18,5.0,18.0,6.0,29.0,https://www.igluski.com/ski-resorts/austria/nassfeld/falkensteiner-hotel-sonnenalpe_37095?holidayId=58221114,300,0,120,0,100,0,100
292,austria,zell-am-see,grand-hotel,1239,400,758,136,55,13,18,24,31.0,19.0,9.0,59.0,https://www.igluski.com/ski-resorts/austria/zell-am-see/grand-hotel_1318?holidayId=58211267,266,0,58,43,147,46,150
293,france,montgenevre,hotel-anova,1243,10,1850,400,70,6,35,21,42.0,102.0,21.0,165.0,https://www.igluski.com/ski-resorts/france/montgenevre/hotel-anova_32253?holidayId=58467527,80,150,220,35,300,96,280
294,austria,mayrhofen,sporthotel-manni-s,1243,200,630,600,52,8,27,17,43.0,75.0,15.0,133.0,https://www.igluski.com/ski-resorts/austria/mayrhofen/sporthotel-manni-s_2105?holidayId=58198198,94,0,60,5,80,2,99
295,france,tignes-val-claret,hotel-val-claret,1243,50,2100,300,89,10,45,34,83.0,46.0,25.0,154.0,https://www.igluski.com/ski-resorts/france/tignes-val-claret/hotel-val-claret_6530?holidayId=59320710,514,unknown,unknown,unknown,unknown,unknown,unknown
296,italy,santa-cristina,hotel-diamant-spa-resort,1245,unknown,1428,175,80,8,40,32,32.0,23.0,3.0,58.0,https://www.igluski.com/ski-resorts/italy/santa-cristina/hotel-diamant-spa-resort_40693?holidayId=58539424,unknown,72,165,50,150,49,149
297,austria,solden,die-berge-lifestyle-hotel,1245,1000,1350,146,33,8,16,9,20.0,12.0,8.0,40.0,https://www.igluski.com/ski-resorts/austria/solden/die-berge-lifestyle-hotel_39266?holidayId=58474104,unknown,5,263,15,306,15,362
298,austria,obergurgl,hotel-haus-gurgl,1249,200,1930,110,24,3,12,9,16.0,18.0,6.0,40.0,https://www.igluski.com/ski-resorts/austria/obergurgl/hotel-haus-gurgl_4080?holidayId=58387444,46,100,185,69,143,60,133
299,italy,kronplatz,hotel-corona,1260,60,900,103,32,20,6,6,25.0,12.0,6.0,43.0,https://www.igluski.com/ski-resorts/italy/kronplatz/hotel-corona_40754?holidayId=58517524,200,60,120,60,130,60,132
300,italy,ortisei-st-ulrich,hotel-luna-mondschein,1264,unknown,1236,176,0,0,0,0,0.0,0.0,0.0,0.0,https://www.igluski.com/ski-resorts/italy/ortisei-st-ulrich/hotel-luna-mondschein_32154?holidayId=58530597,2,unknown,unknown,unknown,unknown,unknown,unknown
301,austria,hinterglemm,stammhaus-wolf,1265,10,1003,200,54,15,16,23,32.0,27.0,5.0,64.0,https://www.igluski.com/ski-resorts/austria/hinterglemm/stammhaus-wolf_39143?holidayId=58413168,unknown,5,50,50,133,46,140
302,austria,zell-am-see,vaya-zell-am-see,1266,50,758,136,55,13,18,24,31.0,19.0,9.0,59.0,https://www.igluski.com/ski-resorts/austria/zell-am-see/vaya-zell-am-see_1324?holidayId=58338751,140,0,58,43,147,46,150
303,france,tignes-les-brevieres,tetras-lodge,1267,300,1550,300,89,10,45,34,83.0,46.0,25.0,154.0,https://www.igluski.com/ski-resorts/france/tignes-les-brevieres/tetras-lodge_41538?holidayId=59257885,100,unknown,unknown,unknown,unknown,unknown,unknown
304,austria,obergurgl,hotel-lohmann,1270,100,1930,110,24,3,12,9,16.0,18.0,6.0,40.0,https://www.igluski.com/ski-resorts/austria/obergurgl/hotel-lohmann_2137?holidayId=58500927,78,100,185,69,143,60,133
305,austria,st-anton,hotel-karl-schranz,1271,unknown,1304,305,88,15,45,28,130.0,123.0,51.0,304.0,https://www.igluski.com/ski-resorts/austria/st-anton/hotel-karl-schranz_2417?holidayId=58462061,62,35,45,110,138,102,168
306,france,morzine,hotel-sporting,1273,unknown,1000,650,206,14,82,110,153.0,127.0,28.0,308.0,https://www.igluski.com/ski-resorts/france/morzine/hotel-sporting_2232?holidayId=58482017,52,10,50,40,190,23,156
307,austria,zell-am-see,hotel-tirolerhof,1274,400,758,136,55,13,18,24,31.0,19.0,9.0,59.0,https://www.igluski.com/ski-resorts/austria/zell-am-see/hotel-tirolerhof_1322?holidayId=58210243,162,0,58,43,147,46,150
308,austria,galtur,hotel-wirlerhof,1274,50,1585,40,0,0,0,0,0.0,0.0,0.0,0.0,https://www.igluski.com/ski-resorts/austria/galtur/hotel-wirlerhof_26322?holidayId=58209198,148,20,45,66,125,68,150
309,austria,lech,bergheim-hotel,1276,unknown,1450,305,85,10,39,36,34.0,70.0,30.0,134.0,https://www.igluski.com/ski-resorts/austria/lech/bergheim-hotel_36780?holidayId=58527858,unknown,35,45,110,138,102,168
310,italy,cervinia,white-angel-hotel,1280,500,2050,350,56,21,21,12,30.0,75.0,26.0,131.0,https://www.igluski.com/ski-resorts/italy/cervinia/white-angel-hotel_36191?holidayId=58538471,105,27,106,64,147,55,208
311,italy,cervinia,hotel-sertorelli,1281,unknown,2050,350,56,21,21,12,30.0,75.0,26.0,131.0,https://www.igluski.com/ski-resorts/italy/cervinia/hotel-sertorelli_2496?holidayId=58543039,132,27,106,64,147,55,208
312,austria,obergurgl,hotel-alpenland,1284,100,1930,110,24,3,12,9,16.0,18.0,6.0,40.0,https://www.igluski.com/ski-resorts/austria/obergurgl/hotel-alpenland_20931?holidayId=58524823,76,100,185,69,143,60,133
313,austria,obergurgl,hotel-olympia,1292,25,1930,110,24,3,12,9,16.0,18.0,6.0,40.0,https://www.igluski.com/ski-resorts/austria/obergurgl/hotel-olympia_2131?holidayId=58340870,58,100,185,69,143,60,133
314,austria,ischgl,hotel-ischgl,1293,unknown,1400,230,48,9,27,12,23.0,60.0,15.0,98.0,https://www.igluski.com/ski-resorts/austria/ischgl/hotel-ischgl_30850?holidayId=58361978,unknown,20,70,50,120,63,131
315,france,les-deux-alpes,hotel-ibiza,1299,300,1651,220,43,4,17,18,14.0,49.0,22.0,85.0,https://www.igluski.com/ski-resorts/france/les-deux-alpes/hotel-ibiza_36001?holidayId=58535834,200,25,100,40,200,40,200
316,austria,ischgl,hotel-alpina,1311,unknown,1400,230,48,9,27,12,23.0,60.0,15.0,98.0,https://www.igluski.com/ski-resorts/austria/ischgl/hotel-alpina_27626?holidayId=58543287,30,20,70,50,120,63,131
317,france,montgenevre,le-chalet-blanc-hotel,1319,unknown,1850,400,70,6,35,21,42.0,102.0,21.0,165.0,https://www.igluski.com/ski-resorts/france/montgenevre/le-chalet-blanc-hotel_32233?holidayId=58522374,unknown,150,220,35,300,96,280
318,austria,ischgl,hotel-piz-tasna,1319,unknown,1400,230,48,9,27,12,23.0,60.0,15.0,98.0,https://www.igluski.com/ski-resorts/austria/ischgl/hotel-piz-tasna_32324?holidayId=58211222,68,20,70,50,120,63,131
319,austria,st-anton,hotel-banyan,1321,500,1304,305,88,15,45,28,130.0,123.0,51.0,304.0,https://www.igluski.com/ski-resorts/austria/st-anton/hotel-banyan_26263?holidayId=58209704,78,35,45,110,138,102,168
320,austria,bad-hofgastein,hotel-norica-therme,1323,unknown,870,208,49,11,19,18,16.0,38.0,6.0,60.0,https://www.igluski.com/ski-resorts/austria/bad-hofgastein/hotel-norica-therme_38010?holidayId=58528065,90,0,100,48,155,45,176
321,austria,mayrhofen,hotel-neuhaus,1324,500,630,600,52,8,27,17,43.0,75.0,15.0,133.0,https://www.igluski.com/ski-resorts/austria/mayrhofen/hotel-neuhaus_1389?holidayId=58211289,260,0,60,5,80,2,99
322,austria,lech,hotel-antonius,1326,unknown,1450,305,85,10,39,36,34.0,70.0,30.0,134.0,https://www.igluski.com/ski-resorts/austria/lech/hotel-antonius_24311?holidayId=58494433,40,35,45,110,138,102,168
323,italy,selva-val-gardena,hotel-stella,1330,50,1563,175,81,9,41,31,32.0,23.0,4.0,59.0,https://www.igluski.com/ski-resorts/italy/selva-val-gardena/hotel-stella_15367?holidayId=58541574,96,72,165,50,150,49,149
324,france,les-arcs-1600,la-cachette,1332,unknown,1600,200,82,8,33,41,57.0,33.0,18.0,108.0,https://www.igluski.com/ski-resorts/france/les-arcs-1600/la-cachette_1637?holidayId=58391526,165,unknown,unknown,unknown,unknown,unknown,unknown
325,france,alpe-d-huez,hotel-le-pic-blanc,1337,unknown,1850,249,82,15,23,41,23.0,74.0,38.0,135.0,https://www.igluski.com/ski-resorts/france/alpe-d-huez/hotel-le-pic-blanc_6832?holidayId=58452757,188,71,120,151,276,141,241
326,austria,ischgl,hotel-seiblishof,1339,500,1400,230,48,9,27,12,23.0,60.0,15.0,98.0,https://www.igluski.com/ski-resorts/austria/ischgl/hotel-seiblishof_19705?holidayId=58443495,114,20,70,50,120,63,131
327,austria,kitzbuhel,hotel-maria-theresia,1341,unknown,760,185,61,11,27,15,29.0,27.0,11.0,67.0,https://www.igluski.com/ski-resorts/austria/kitzbuhel/hotel-maria-theresia_1108?holidayId=59251711,148,unknown,unknown,unknown,unknown,unknown,unknown
328,italy,ortisei-st-ulrich,hotel-genziana,1349,unknown,1236,176,0,0,0,0,0.0,0.0,0.0,0.0,https://www.igluski.com/ski-resorts/italy/ortisei-st-ulrich/hotel-genziana_18931?holidayId=58210680,100,unknown,unknown,unknown,unknown,unknown,unknown
329,france,belle-plagne,hotel-carlina,1351,200,2050,425,139,15,66,58,76.0,33.0,19.0,128.0,https://www.igluski.com/ski-resorts/france/belle-plagne/hotel-carlina_22648?holidayId=59256321,96,unknown,unknown,unknown,unknown,unknown,unknown
330,france,val-d-isere,hotel-ski-lodge,1352,625,1850,300,89,10,45,34,83.0,46.0,25.0,154.0,https://www.igluski.com/ski-resorts/france/val-d-isere/hotel-ski-lodge_31850?holidayId=58533752,84,75,165,185,233,191,242
331,france,flaine,terminal-neige-totem,1363,unknown,1600,265,77,6,26,45,65.0,49.0,12.0,126.0,https://www.igluski.com/ski-resorts/france/flaine/terminal-neige-totem_1598?holidayId=58544219,234,0,0,111,275,88,289
332,italy,cervinia,hotel-bucaneve,1373,unknown,2050,350,56,21,21,12,30.0,75.0,26.0,131.0,https://www.igluski.com/ski-resorts/italy/cervinia/hotel-bucaneve_30928?holidayId=58531748,unknown,27,106,64,147,55,208
333,italy,kronplatz,hotel-excelsior,1374,300,900,103,32,20,6,6,25.0,12.0,6.0,43.0,https://www.igluski.com/ski-resorts/italy/kronplatz/hotel-excelsior_40756?holidayId=58210652,130,60,120,60,130,60,132
334,austria,galtur,hotel-almhof,1386,unknown,1585,40,0,0,0,0,0.0,0.0,0.0,0.0,https://www.igluski.com/ski-resorts/austria/galtur/hotel-almhof_26321?holidayId=58534504,160,20,45,66,125,68,150
335,austria,st-anton,hotel-lux-alpinae,1386,800,1304,305,88,15,45,28,130.0,123.0,51.0,304.0,https://www.igluski.com/ski-resorts/austria/st-anton/hotel-lux-alpinae_18780?holidayId=58204454,50,35,45,110,138,102,168
336,austria,st-christoph,hotel-hit-the-sky,1387,150,1304,348,97,13,50,34,85.0,129.0,34.0,248.0,https://www.igluski.com/ski-resorts/austria/st-christoph/hotel-hit-the-sky_41575?holidayId=58397429,100,35,45,110,138,102,168
337,austria,zell-am-see,hotel-stadt-wien,1387,400,758,136,55,13,18,24,31.0,19.0,9.0,59.0,https://www.igluski.com/ski-resorts/austria/zell-am-see/hotel-stadt-wien_1333?holidayId=58201162,115,0,58,43,147,46,150
338,austria,hochsolden,hotel-alpenfriede,1388,unknown,2090,146,40,8,16,9,20.0,12.0,8.0,40.0,https://www.igluski.com/ski-resorts/austria/hochsolden/hotel-alpenfriede_36717?holidayId=58443528,unknown,unknown,unknown,unknown,unknown,unknown,unknown
339,austria,hinterglemm,hotel-almrausch,1394,unknown,1003,200,54,15,16,23,32.0,27.0,5.0,64.0,https://www.igluski.com/ski-resorts/austria/hinterglemm/hotel-almrausch_38209?holidayId=58544235,unknown,5,50,50,133,46,140
340,france,plagne-centre,hotel-araucaria,1396,unknown,2100,225,105,9,36,60,76.0,33.0,19.0,128.0,https://www.igluski.com/ski-resorts/france/plagne-centre/hotel-araucaria_24288?holidayId=58484327,144,unknown,unknown,unknown,unknown,unknown,unknown
341,italy,santa-cristina,hotel-vitalpina-dosses,1398,400,1428,175,80,8,40,32,32.0,23.0,3.0,58.0,https://www.igluski.com/ski-resorts/italy/santa-cristina/hotel-vitalpina-dosses_33170?holidayId=58394381,unknown,72,165,50,150,49,149
342,austria,kitzbuhel,alpenhotel-kitzbuhel-am-schwarzsee,1401,unknown,760,185,61,11,27,15,29.0,27.0,11.0,67.0,https://www.igluski.com/ski-resorts/austria/kitzbuhel/alpenhotel-kitzbuhel-am-schwarzsee_40744?holidayId=58534304,50,unknown,unknown,unknown,unknown,unknown,unknown
343,austria,st-anton,hotel-kertess,1404,unknown,1304,305,88,15,45,28,130.0,123.0,51.0,304.0,https://www.igluski.com/ski-resorts/austria/st-anton/hotel-kertess_1286?holidayId=58510674,100,35,45,110,138,102,168
344,france,val-d-isere,avenue-lodge-hotel,1411,200,1850,300,89,10,45,34,83.0,46.0,25.0,154.0,https://www.igluski.com/ski-resorts/france/val-d-isere/avenue-lodge-hotel_27374?holidayId=58206620,108,75,165,185,233,191,242
345,france,val-d-isere,hotel-le-val-d-isere,1411,500,1850,300,89,10,45,34,83.0,46.0,25.0,154.0,https://www.igluski.com/ski-resorts/france/val-d-isere/hotel-le-val-d-isere_803?holidayId=58404681,115,75,165,185,233,191,242
346,france,la-rosiere,hotel-alparena,1419,300,1850,160,37,1,17,17,11.0,64.0,19.0,94.0,https://www.igluski.com/ski-resorts/france/la-rosiere/hotel-alparena_39545?holidayId=58210626,unknown,15,90,190,225,174,263
347,france,val-thorens,hotel-marielle,1419,100,2300,600,183,40,69,74,183.0,106.0,32.0,321.0,https://www.igluski.com/ski-resorts/france/val-thorens/hotel-marielle_39576?holidayId=58510816,150,98,121,215,267,207,269
348,austria,st-anton,hotel-alpenhof,1420,1000,1304,305,88,15,45,28,130.0,123.0,51.0,304.0,https://www.igluski.com/ski-resorts/austria/st-anton/hotel-alpenhof_4143?holidayId=58538506,60,35,45,110,138,102,168
349,austria,st-anton,hotel-galzig,1424,unknown,1304,305,88,15,45,28,130.0,123.0,51.0,304.0,https://www.igluski.com/ski-resorts/austria/st-anton/hotel-galzig_36741?holidayId=58469877,unknown,35,45,110,138,102,168
350,austria,zurs-am-arlberg,hotel-arlberghaus,1426,unknown,1700,276,85,10,39,36,0.0,0.0,0.0,0.0,https://www.igluski.com/ski-resorts/austria/zurs-am-arlberg/hotel-arlberghaus_7218?holidayId=58417282,100,35,45,110,138,102,168
351,austria,st-anton,hotel-arlberg,1427,150,1304,305,88,15,45,28,130.0,123.0,51.0,304.0,https://www.igluski.com/ski-resorts/austria/st-anton/hotel-arlberg_1292?holidayId=58375249,156,35,45,110,138,102,168
352,austria,bad-hofgastein,hotel-das-alpenhaus,1429,650,870,208,49,11,19,18,16.0,38.0,6.0,60.0,https://www.igluski.com/ski-resorts/austria/bad-hofgastein/hotel-das-alpenhaus_36820?holidayId=58400592,180,0,100,48,155,45,176
353,austria,nassfeld,falkensteiner-hotel--spa-carinzia,1432,50,610,110,30,5,7,18,5.0,18.0,6.0,29.0,https://www.igluski.com/ski-resorts/austria/nassfeld/falkensteiner-hotel--spa-carinzia_37096?holidayId=58207766,350,0,120,0,100,0,100
354,austria,obergurgl,hotel-austria,1460,200,1930,110,24,3,12,9,16.0,18.0,6.0,40.0,https://www.igluski.com/ski-resorts/austria/obergurgl/hotel-austria_27630?holidayId=58209549,106,100,185,69,143,60,133
355,austria,obergurgl,hotel-bellevue,1460,300,1930,110,24,3,12,9,16.0,18.0,6.0,40.0,https://www.igluski.com/ski-resorts/austria/obergurgl/hotel-bellevue_7116?holidayId=58208009,84,100,185,69,143,60,133
356,austria,st-anton,hotel-rundeck,1467,400,1304,305,88,15,45,28,130.0,123.0,51.0,304.0,https://www.igluski.com/ski-resorts/austria/st-anton/hotel-rundeck_27267?holidayId=58460736,55,35,45,110,138,102,168
357,france,courchevel-1850,hotel-les-sherpas,1471,unknown,1850,150,67,12,17,29,27.0,82.0,10.0,119.0,https://www.igluski.com/ski-resorts/france/courchevel-1850/hotel-les-sherpas_20479?holidayId=58489789,80,unknown,unknown,unknown,unknown,unknown,unknown
358,france,val-thorens,fahrenheit-7-hotel,1486,100,2300,600,183,40,69,74,183.0,106.0,32.0,321.0,https://www.igluski.com/ski-resorts/france/val-thorens/fahrenheit-7-hotel_36347?holidayId=58511979,208,98,121,215,267,207,269
359,france,tignes-val-claret,les-suites-maison-bouvier,1493,100,2100,300,89,10,45,34,83.0,46.0,25.0,154.0,https://www.igluski.com/ski-resorts/france/tignes-val-claret/les-suites-maison-bouvier_39303?holidayId=58207859,150,unknown,unknown,unknown,unknown,unknown,unknown
360,france,les-deux-alpes,hotel-chalet-mounier,1499,100,1651,220,43,4,17,18,14.0,49.0,22.0,85.0,https://www.igluski.com/ski-resorts/france/les-deux-alpes/hotel-chalet-mounier_3263?holidayId=58207910,86,25,100,40,200,40,200
361,austria,mayrhofen,elisabethhotel,1504,unknown,630,600,52,8,27,17,43.0,75.0,15.0,133.0,https://www.igluski.com/ski-resorts/austria/mayrhofen/elisabethhotel_37515?holidayId=59410060,75,0,60,5,80,2,99
362,france,meribel,hotel-l-eterlou,1507,50,1450,600,183,40,69,74,186.0,107.0,35.0,328.0,https://www.igluski.com/ski-resorts/france/meribel/hotel-l-eterlou_967?holidayId=58507037,49,98,121,215,267,207,269
363,austria,lech,hotel-omesberg,1515,unknown,1450,305,85,10,39,36,34.0,70.0,30.0,134.0,https://www.igluski.com/ski-resorts/austria/lech/hotel-omesberg_15464?holidayId=58370562,65,35,45,110,138,102,168
364,austria,saalbach,hotel-saalbacherhof,1518,50,1003,270,70,28,22,20,140.0,110.0,20.0,270.0,https://www.igluski.com/ski-resorts/austria/saalbach/hotel-saalbacherhof_2027?holidayId=58202560,180,5,50,50,133,46,140
365,austria,saalbach,bauer-hotel,1542,100,1003,270,70,28,22,20,140.0,110.0,20.0,270.0,https://www.igluski.com/ski-resorts/austria/saalbach/bauer-hotel_1331?holidayId=58542901,70,5,50,50,133,46,140
366,austria,saalbach,hotel-sonne,1546,1000,1003,270,70,28,22,20,140.0,110.0,20.0,270.0,https://www.igluski.com/ski-resorts/austria/saalbach/hotel-sonne_7552?holidayId=58205385,134,5,50,50,133,46,140
367,austria,obergurgl,hotel-josl,1547,unknown,1930,110,24,3,12,9,16.0,18.0,6.0,40.0,https://www.igluski.com/ski-resorts/austria/obergurgl/hotel-josl_22710?holidayId=58196011,84,100,185,69,143,60,133
368,austria,kitzbuhel,hotel-schwarzer-adler-wellness,1560,300,760,185,61,11,27,15,29.0,27.0,11.0,67.0,https://www.igluski.com/ski-resorts/austria/kitzbuhel/hotel-schwarzer-adler-wellness_4353?holidayId=58209895,169,unknown,unknown,unknown,unknown,unknown,unknown
369,italy,selva-val-gardena,hotel-tyrol,1562,50,1563,175,81,9,41,31,32.0,23.0,4.0,59.0,https://www.igluski.com/ski-resorts/italy/selva-val-gardena/hotel-tyrol_2544?holidayId=58210484,100,72,165,50,150,49,149
370,austria,zurs-am-arlberg,hotel-erzberg,1569,100,1700,276,85,10,39,36,0.0,0.0,0.0,0.0,https://www.igluski.com/ski-resorts/austria/zurs-am-arlberg/hotel-erzberg_30991?holidayId=58511508,unknown,35,45,110,138,102,168
371,austria,obertauern,valamar-obertauern,1576,unknown,1738,95,26,1,19,6,22.0,22.0,6.0,50.0,https://www.igluski.com/ski-resorts/austria/obertauern/valamar-obertauern_4084?holidayId=58493164,104,40,70,153,193,175,215
372,austria,solden,hotel-tyrolerhof,1577,unknown,1350,146,33,8,16,9,20.0,12.0,8.0,40.0,https://www.igluski.com/ski-resorts/austria/solden/hotel-tyrolerhof_2918?holidayId=58493676,180,5,263,15,306,15,362
373,france,tignes-le-lac,village-montana-hotel,1586,50,2100,300,89,10,45,34,83.0,46.0,25.0,154.0,https://www.igluski.com/ski-resorts/france/tignes-le-lac/village-montana-hotel_34992?holidayId=58208730,164,unknown,unknown,unknown,unknown,unknown,unknown
374,austria,kaprun,tauern-spa-hotel,1597,800,775,132,56,12,17,27,31.0,19.0,9.0,59.0,https://www.igluski.com/ski-resorts/austria/kaprun/tauern-spa-hotel_30819?holidayId=58350697,320,0,130,33,188,39,235
375,austria,saalbach,alpinresort-sport--spa,1611,200,1003,270,70,28,22,20,140.0,110.0,20.0,270.0,https://www.igluski.com/ski-resorts/austria/saalbach/alpinresort-sport--spa_34759?holidayId=58211075,180,5,50,50,133,46,140
376,france,les-menuires,hotel-ours-blanc,1636,unknown,1815,600,183,40,69,74,183.0,106.0,32.0,321.0,https://www.igluski.com/ski-resorts/france/les-menuires/hotel-ours-blanc_36668?holidayId=58510981,unknown,98,121,215,267,207,269
377,austria,obergurgl,hotel-gurglhof,1637,50,1930,110,24,3,12,9,16.0,18.0,6.0,40.0,https://www.igluski.com/ski-resorts/austria/obergurgl/hotel-gurglhof_39304?holidayId=58207032,120,100,185,69,143,60,133
378,austria,obergurgl,hotel-alpina,1649,200,1930,110,24,3,12,9,16.0,18.0,6.0,40.0,https://www.igluski.com/ski-resorts/austria/obergurgl/hotel-alpina_2128?holidayId=58206702,160,100,185,69,143,60,133
379,austria,obergurgl,hotel-bergwelt,1673,300,1930,110,24,3,12,9,16.0,18.0,6.0,40.0,https://www.igluski.com/ski-resorts/austria/obergurgl/hotel-bergwelt_2122?holidayId=58201211,150,100,185,69,143,60,133
380,italy,selva-val-gardena,aaritz-hotel,1677,50,1563,175,81,9,41,31,32.0,23.0,4.0,59.0,https://www.igluski.com/ski-resorts/italy/selva-val-gardena/aaritz-hotel_4984?holidayId=58526173,74,72,165,50,150,49,149
381,austria,zell-am-see,hotel-salzburgerhof,1691,400,758,136,55,13,18,24,31.0,19.0,9.0,59.0,https://www.igluski.com/ski-resorts/austria/zell-am-see/hotel-salzburgerhof_32249?holidayId=58209657,136,0,58,43,147,46,150
382,austria,kitzbuhel,hotel-erika,1712,unknown,760,185,61,11,27,15,29.0,27.0,11.0,67.0,https://www.igluski.com/ski-resorts/austria/kitzbuhel/hotel-erika_22597?holidayId=58462785,96,unknown,unknown,unknown,unknown,unknown,unknown
383,austria,saalbach,hotel-eva-village,1715,unknown,1003,270,70,28,22,20,140.0,110.0,20.0,270.0,https://www.igluski.com/ski-resorts/austria/saalbach/hotel-eva-village_4357?holidayId=58209372,142,5,50,50,133,46,140
384,austria,obergurgl,hotel-crystal-vaya-unique,1749,unknown,1930,110,24,3,12,9,16.0,18.0,6.0,40.0,https://www.igluski.com/ski-resorts/austria/obergurgl/hotel-crystal-vaya-unique_2124?holidayId=58203113,200,100,185,69,143,60,133
385,austria,hochgurgl,hotel-riml,1755,50,2150,0,0,0,0,0,0.0,0.0,0.0,0.0,https://www.igluski.com/ski-resorts/austria/hochgurgl/hotel-riml_20333?holidayId=58210561,198,100,185,69,143,60,133
386,france,courchevel-1650,ecrin-blanc,1775,50,1650,150,67,12,17,29,27.0,82.0,10.0,119.0,https://www.igluski.com/ski-resorts/france/courchevel-1650/ecrin-blanc_39269?holidayId=58475948,300,unknown,unknown,unknown,unknown,unknown,unknown
387,austria,solden,hotel-bergland,1798,unknown,1350,146,33,8,16,9,20.0,12.0,8.0,40.0,https://www.igluski.com/ski-resorts/austria/solden/hotel-bergland_7213?holidayId=58209648,178,5,263,15,306,15,362
388,austria,st-christoph,hotel-maiensee,1822,20,1304,348,97,13,50,34,85.0,129.0,34.0,248.0,https://www.igluski.com/ski-resorts/austria/st-christoph/hotel-maiensee_26237?holidayId=58208346,unknown,35,45,110,138,102,168
389,andorra,soldeu,sporthotel-hermitage,1824,200,1800,210,67,4,32,26,63.0,38.0,22.0,123.0,https://www.igluski.com/ski-resorts/andorra/soldeu/sporthotel-hermitage_20506?holidayId=58448964,240,unknown,unknown,unknown,unknown,unknown,unknown
390,austria,lech,hotel-gotthard,1825,unknown,1450,305,85,10,39,36,34.0,70.0,30.0,134.0,https://www.igluski.com/ski-resorts/austria/lech/hotel-gotthard_2099?holidayId=58205854,112,35,45,110,138,102,168
391,france,alpe-d-huez,hotel-les-grandes-rousses,1830,150,1850,249,82,15,23,41,23.0,74.0,38.0,135.0,https://www.igluski.com/ski-resorts/france/alpe-d-huez/hotel-les-grandes-rousses_25914?holidayId=58205475,104,71,120,151,276,141,241
392,france,val-d-isere,hotel-l-aigle-des-neiges,1832,250,1850,300,89,10,45,34,83.0,46.0,25.0,154.0,https://www.igluski.com/ski-resorts/france/val-d-isere/hotel-l-aigle-des-neiges_22015?holidayId=58460435,176,75,165,185,233,191,242
393,austria,st-anton,anthonys-hotel,1866,100,1304,305,88,15,45,28,130.0,123.0,51.0,304.0,https://www.igluski.com/ski-resorts/austria/st-anton/anthonys-hotel_32811?holidayId=58207725,unknown,35,45,110,138,102,168
394,france,val-thorens,hotel-le-val-thorens,1934,unknown,2300,600,183,40,69,74,183.0,106.0,32.0,321.0,https://www.igluski.com/ski-resorts/france/val-thorens/hotel-le-val-thorens_1471?holidayId=58204288,162,98,121,215,267,207,269
395,austria,ischgl,hotel-madlein,1942,unknown,1400,230,48,9,27,12,23.0,60.0,15.0,98.0,https://www.igluski.com/ski-resorts/austria/ischgl/hotel-madlein_1886?holidayId=58429032,148,20,70,50,120,63,131
396,finland,saariselka,star-arctic-hotel,1989,unknown,180,20,5,0,1,4,3.0,7.0,2.0,12.0,https://www.igluski.com/ski-resorts/finland/saariselka/star-arctic-hotel_36553?holidayId=51658846,80,unknown,unknown,unknown,unknown,unknown,unknown
397,austria,solden,hotel-central,1995,unknown,1350,146,33,8,16,9,20.0,12.0,8.0,40.0,https://www.igluski.com/ski-resorts/austria/solden/hotel-central_37661?holidayId=58203828,unknown,5,263,15,306,15,362
398,finland,levi,design-hotel-levi,2019,unknown,200,44,27,2,2,14,19.0,22.0,2.0,43.0,https://www.igluski.com/ski-resorts/finland/levi/design-hotel-levi_37025?holidayId=51660694,unknown,35,45,65,75,90,115
399,france,meribel,hotel-la-chaudanne,2025,50,1450,600,183,40,69,74,186.0,107.0,35.0,328.0,https://www.igluski.com/ski-resorts/france/meribel/hotel-la-chaudanne_32842?holidayId=58201277,unknown,98,121,215,267,207,269
400,france,tignes-le-lac,village-montana-suites,2092,50,2100,300,89,10,45,34,83.0,46.0,25.0,154.0,https://www.igluski.com/ski-resorts/france/tignes-le-lac/village-montana-suites_6122?holidayId=58210666,164,unknown,unknown,unknown,unknown,unknown,unknown
401,austria,obergurgl,hotel-hochfirst,2128,100,1930,110,24,3,12,9,16.0,18.0,6.0,40.0,https://www.igluski.com/ski-resorts/austria/obergurgl/hotel-hochfirst_1381?holidayId=58203936,180,100,185,69,143,60,133
402,france,val-thorens,hotel-fitz-roy,2216,unknown,2300,600,183,40,69,74,183.0,106.0,32.0,321.0,https://www.igluski.com/ski-resorts/france/val-thorens/hotel-fitz-roy_32837?holidayId=58208710,112,98,121,215,267,207,269
403,austria,ischgl,hotel-fliana,2258,unknown,1400,230,48,9,27,12,23.0,60.0,15.0,98.0,https://www.igluski.com/ski-resorts/austria/ischgl/hotel-fliana_27625?holidayId=58210115,30,20,70,50,120,63,131
404,austria,ischgl,hotel-elisabeth,2420,unknown,1400,230,48,9,27,12,23.0,60.0,15.0,98.0,https://www.igluski.com/ski-resorts/austria/ischgl/hotel-elisabeth_2085?holidayId=58208465,110,20,70,50,120,63,131
405,austria,ischgl,hotel-trofana-royal,2484,unknown,1400,230,48,9,27,12,23.0,60.0,15.0,98.0,https://www.igluski.com/ski-resorts/austria/ischgl/hotel-trofana-royal_27361?holidayId=58207202,164,20,70,50,120,63,131
406,austria,hinterglemm,hotel-alpine-palace,2517,20,1003,200,54,15,16,23,32.0,27.0,5.0,64.0,https://www.igluski.com/ski-resorts/austria/hinterglemm/hotel-alpine-palace_27264?holidayId=58208805,262,5,50,50,133,46,140
